,zero_tail_days
1439640,157
1955747,207
2051883,95
2230600,156
2564241,293
2593071,154
2643416,140
3025088,33
3083113,145
3224737,302
3228151,33
3421979,157
3587823,260
3923509,157
3933533,172
4023262,88
4075954,131
4155583,204
4530662,230
4570483,35
4654004,65
5052346,156
5233816,95
5275203,77
5310066,56
5374718,335
5440637,144
5483859,53
5490175,146
5559508,303
5695895,33
5855271,44
5883981,156
6043812,65
6116181,176
6170256,221
6307993,146
6529591,330
6539232,128
6541130,36
6660508,39
7000034,157
7006541,161
7149502,158
7155390,110
7591491,49
7630963,158
7826125,222
8222087,160
8245992,157
8272722,38
8303398,50
8348751,157
8592251,141
8604735,158
8670729,53
9174908,65
9289228,36
9302752,315
9496586,120
9653763,40
9747392,49
9997080,50
