anon_id,days
1009827,30
1013205,81
1017574,40
1023776,44
1051888,81
1065404,59
1068203,77
1071951,39
1085569,59
1089425,202
1105787,34
1120133,35
1130809,31
1141551,43
1160330,36
1167943,108
1184793,76
1200600,77
1203613,70
1208037,57
1222593,48
1249509,238
1256752,80
1260857,80
1268872,68
1297392,73
1303647,34
1325265,51
1341246,31
1369227,31
1391809,48
1401643,44
1420105,181
1433929,72
1492831,34
1496904,147
1512557,146
1557433,40
1599801,32
1606847,120
1635103,30
1648954,50
1652618,57
1653650,65
1654117,36
1664296,89
1698800,43
1750418,51
1752882,97
1770522,50
1864174,216
1871084,68
1888107,98
1895151,40
1925279,48
1934676,38
1942236,92
1944961,95
1968630,30
1975122,134
1982516,57
2014988,186
2022801,106
2030325,71
2057545,54
2073952,46
2094607,40
2106185,32
2106907,95
2126094,46
2130747,66
2131126,59
2158804,45
2159987,108
2166461,35
2167255,36
2169603,128
2177021,41
2188349,107
2223581,30
2224075,58
2229718,41
2260200,46
2331473,32
2351232,64
2356509,69
2358866,80
2368381,74
2369469,44
2382071,41
2388450,52
2416919,50
2440580,44
2450482,34
2462031,124
2491162,93
2493308,63
2512096,38
2537803,51
2554826,55
2567791,31
2569759,67
2588994,36
2591881,187
2604129,209
2628399,111
2633697,127
2636603,96
2647530,52
2661788,43
2668212,30
2675304,33
2680298,65
2729604,228
2745000,44
2771736,132
2789352,50
2789723,50
2836989,39
2888135,36
2916763,82
2928808,89
2931056,364
2936907,54
2979722,117
2983464,32
2994514,52
3007647,77
3017100,38
3036541,36
3043058,72
3052281,69
3055151,69
3059428,55
3061801,32
3083113,49
3084482,102
3161059,40
3199577,274
3216456,46
3234158,73
3239189,38
3239572,56
3240435,182
3245496,95
3263226,92
3281821,81
3287558,66
3289699,67
3290491,31
3298048,104
3324922,44
3331304,33
3341779,83
3379581,171
3397815,222
3399315,60
3411383,48
3412964,54
3413887,64
3427965,35
3438513,195
3450773,49
3464121,35
3479583,78
3517263,44
3568088,35
3587823,57
3596053,35
3606714,43
3624975,84
3628560,121
3671498,93
3679615,115
3685091,100
3698283,33
3699232,47
3723284,91
3724951,36
3733593,106
3736963,34
3742286,38
3743114,46
3746101,75
3746583,49
3763659,87
3785851,49
3789036,97
3799156,55
3803919,50
3811237,117
3831135,38
3845067,122
3851035,67
3857125,43
3868263,35
3883696,76
3892436,117
3917615,45
3923702,30
3925062,81
3925899,32
3960609,46
3965367,92
3969844,107
4013308,43
4023703,54
4045800,50
4058812,33
4066372,94
4107970,233
4116261,41
4125292,105
4140178,70
4196861,99
4201571,50
4225133,55
4259353,42
4266597,41
4272556,40
4273329,49
4294354,98
4314034,47
4397016,62
4414578,40
4416088,66
4448303,64
4448779,31
4471818,146
4493272,92
4506163,71
4520579,41
4525963,181
4530662,35
4538153,69
4538641,44
4540227,89
4551145,51
4565193,51
4582752,56
4632401,30
4647411,49
4720145,67
4731326,62
4746469,59
4750133,47
4762144,36
4767569,146
4784112,38
4812707,65
4815318,43
4835816,57
4867591,41
4886432,48
4947984,35
4953491,71
4974730,70
4991592,30
4995736,38
5027994,52
5055164,56
5064006,50
5086240,71
5088345,43
5115252,33
5133594,37
5163749,61
5176696,39
5190654,265
5198033,113
5200914,36
5213669,32
5234893,36
5242286,69
5276779,40
5336716,40
5343909,88
5344833,30
5349915,45
5373493,106
5392660,91
5424865,104
5427533,119
5429170,73
5434658,45
5457463,144
5470328,62
5478348,87
5490175,52
5493791,79
5506592,37
5509991,33
5516412,90
5523945,70
5547539,50
5560931,34
5563405,33
5587690,298
5595309,149
5629612,36
5650398,33
5659703,147
5686561,49
5695647,42
5695895,60
5701088,45
5704914,59
5723062,68
5733511,56
5736048,59
5754693,216
5756945,174
5763672,47
5779679,30
5817786,69
5842418,70
5842572,109
5856929,146
5864429,30
5869107,45
5884645,33
5891137,122
5892318,38
5909058,32
5922855,44
5927111,33
5956373,45
5964481,40
5988831,46
6014050,33
6017145,137
6018296,47
6049797,51
6053668,35
6062598,74
6083757,41
6138584,216
6155873,146
6170256,72
6175767,46
6187520,99
6193330,128
6203630,39
6224304,49
6242496,243
6251706,37
6269268,31
6269642,46
6289611,110
6308346,48
6330083,80
6346874,70
6374262,69
6377542,56
6380142,41
6383784,213
6406171,74
6415600,51
6420091,42
6426480,40
6442272,34
6467614,70
6478032,49
6487880,52
6509718,84
6530403,101
6550913,44
6569324,146
6579281,34
6603129,32
6633635,74
6648195,71
6651771,34
6652798,113
6660508,35
6669646,167
6681058,36
6688560,63
6700385,66
6763436,83
6781357,58
6829431,60
6839885,55
6853059,91
6868279,67
6874441,80
6928060,120
6931955,42
6932845,32
6947111,70
6947429,43
6949939,125
6951752,57
6955657,96
7010638,31
7041545,30
7043402,49
7043512,34
7045545,101
7046513,194
7049566,44
7062475,123
7088447,35
7099555,33
7107724,45
7121065,33
7128336,34
7132329,112
7155390,34
7192629,37
7199412,98
7244161,61
7255952,37
7293232,72
7299545,118
7318324,33
7324653,50
7336665,31
7344301,33
7349704,79
7349878,72
7369840,47
7410147,52
7456571,46
7469325,176
7470740,44
7479711,76
7493131,46
7507433,96
7508199,71
7551928,50
7566805,53
7584689,58
7591491,38
7592903,36
7594167,40
7606795,237
7607353,51
7607467,93
7617005,180
7629899,30
7652531,54
7654177,76
7656457,114
7669147,206
7698445,51
7742958,43
7752691,31
7760994,39
7784695,201
7801742,45
7807280,57
7816780,31
7818631,54
7824970,41
7865121,31
7872015,100
7879951,81
7891133,86
7945237,34
7965380,67
8002184,77
8023624,152
8045600,245
8067784,36
8076159,44
8109674,85
8112530,142
8126842,40
8141911,48
8143917,38
8190741,41
8202643,63
8212322,51
8222087,40
8222297,63
8236638,64
8236745,32
8245992,36
8254344,54
8254454,30
8267143,57
8290291,62
8290453,55
8296042,59
8309774,70
8325513,34
8327569,47
8338293,81
8340273,44
8344936,73
8394105,35
8394112,31
8401529,43
8403925,116
8438725,147
8439486,46
8442176,61
8469140,68
8469340,30
8505652,42
8508960,39
8521337,50
8534142,53
8576071,88
8580685,108
8582990,120
8592251,35
8625108,35
8628112,58
8647630,30
8685569,33
8686974,44
8722351,47
8746396,53
8781002,67
8789370,190
8817433,37
8826875,30
8855142,90
8890155,46
8892990,130
8907410,103
8908023,60
8918237,121
8925497,34
8929942,83
8967551,34
8993087,63
8997445,30
9008552,65
9022729,41
9039415,68
9052022,59
9075478,82
9081974,38
9086568,118
9088398,133
9128254,63
9131911,64
9161111,31
9182033,79
9197593,35
9199377,70
9202915,43
9272990,32
9285411,91
9309323,70
9317608,97
9336777,43
9360899,80
9374551,44
9374807,57
9376621,86
9378119,72
9394241,59
9418921,68
9449175,51
9462446,45
9475728,60
9479365,105
9481978,50
9516695,60
9530537,176
9547006,147
9562096,88
9615224,54
9631526,55
9635995,37
9653004,34
9696391,154
9706252,48
9724036,51
9748204,78
9748634,36
9756635,181
9780222,91
9787306,34
9804679,50
9806041,33
9827412,97
9834402,47
9847979,73
9857727,105
9875716,80
9882523,146
9885380,51
9908164,69
9908583,45
9912891,157
9917719,31
9931867,34
9944910,49
9961291,52
9964092,59
9966165,43
9991953,79
9996860,76
9997690,73
