anon_id,mean_1half,mean_2half,ratio,split_date
1581018,0.61,2.422,3.97,2026-03-26
1838227,0.745,0.095,0.13,2025-12-06
2383758,0.533,0.169,0.32,2026-03-24
2704749,0.019,0.43,22.13,2026-02-25
2789352,0.175,0.615,3.52,2026-03-03
2919872,0.404,0.132,0.33,2026-05-16
3036541,0.713,0.055,0.08,2026-04-08
3743114,0.076,1.442,18.95,2026-02-28
3761383,0.219,2.098,9.56,2026-04-21
4788930,0.0,0.333,30673.19,2026-02-06
5723062,0.139,0.485,3.5,2026-04-10
7629899,0.165,0.707,4.29,2026-04-21
8190741,0.31,0.063,0.2,2026-04-30
8498147,0.057,0.782,13.79,2026-03-27
8727125,0.21,0.687,3.28,2026-03-31
9481978,0.122,0.535,4.39,2026-03-12
9996860,0.403,0.082,0.2,2026-03-09
