anon_id,data,pokazanie,paketov_za_sutki,gap,diff,rate,lim,next_diff,glitch_up,glitch_down,k327,bad
1023776,2026-06-17,1124.38,1,1.0,327.61,327.61,75,327.64,False,False,True,True
1023776,2026-06-18,1452.02,1,1.0,327.64,327.64,75,-655.533,True,False,True,True
1023776,2026-06-29,1124.29,1,1.0,327.66,327.66,75,0.11,False,False,True,True
1023776,2026-07-01,1452.04,1,1.0,327.64,327.64,75,327.651765,False,False,True,True
1023776,2026-07-02,1779.6917647058822,12,1.0,327.651765,327.651765,75,-983.187479,True,False,True,True
1023776,2026-07-05,975.3190909090908,25,1.0,178.759091,178.759091,75,148.940909,False,False,False,True
1023776,2026-07-06,1124.26,14,1.0,148.940909,148.940909,75,0.11,False,False,False,True
1184793,2026-07-19,415.008,25,1.0,294.87875,294.87875,75,32.762,False,False,False,True
1423304,2026-08-26,813.9,25,1.0,327.54,327.54,75,0.15,False,False,True,True
1423304,2026-08-29,1141.63,25,1.0,327.56,327.56,75,0.03,False,False,True,True
1423304,2026-09-01,1469.31,25,1.0,327.6,327.6,75,-983.082,True,False,True,True
1423304,2026-09-08,884.2414285714286,25,1.0,343.224762,343.224762,75,257.393277,False,False,False,True
1423304,2026-09-09,1141.634705882353,25,1.0,257.393277,257.393277,75,46.925294,False,False,False,True
1423304,2026-09-11,1530.854375,25,1.0,342.294375,342.294375,75,266.244125,False,False,False,True
1423304,2026-09-12,1797.0985,25,1.0,266.244125,266.244125,75,-1310.84575,True,False,False,True
1423304,2026-09-15,871.8282352941176,25,1.0,330.858235,330.858235,75,269.808431,False,False,False,True
1423304,2026-09-16,1141.6366666666668,25,1.0,269.808431,269.808431,75,0.073333,False,False,False,True
1423304,2026-09-18,1223.6225,25,1.0,81.9125,81.9125,75,245.7525,False,False,False,True
1423304,2026-09-19,1469.375,26,1.0,245.7525,245.7525,75,-983.12225,True,False,False,True
1423304,2026-09-23,813.9431578947368,25,1.0,275.853158,275.853158,75,61.652467,False,False,False,True
1423304,2026-09-25,1141.735294117647,25,1.0,266.139669,266.139669,75,0.033595,False,False,False,True
1423304,2026-09-29,883.0236842105263,25,1.0,323.800351,323.800351,75,258.576316,False,False,False,True
1423304,2026-09-30,1141.6,23,1.0,258.576316,258.576316,75,,False,False,False,True
1492831,2026-09-08,694.245,25,1.0,82.057,82.057,75,245.745,False,False,False,True
1492831,2026-09-09,939.99,22,1.0,245.745,245.745,75,-327.873,True,False,False,True
1492831,2026-09-13,776.1650000000001,25,1.0,163.819286,163.819286,75,163.775,False,False,False,True
1492831,2026-09-14,939.94,25,1.0,163.775,163.775,75,163.875,False,False,False,True
1492831,2026-09-15,1103.815,25,1.0,163.875,163.875,75,286.6925,False,False,False,True
1492831,2026-09-16,1390.5075,25,1.0,286.6925,286.6925,75,-778.335083,True,False,False,True
1492831,2026-09-20,729.3314285714285,25,1.0,117.06,117.06,75,210.644725,False,False,False,True
1492831,2026-09-21,939.976153846154,25,1.0,210.644725,210.644725,75,182.030513,False,False,False,True
1492831,2026-09-22,1122.0066666666664,25,1.0,182.030513,182.030513,75,276.665333,False,False,False,True
1492831,2026-09-23,1398.672,25,1.0,276.665333,276.665333,75,-786.527,True,False,False,True
1492831,2026-09-30,939.89,1,2.0,327.57,163.785,75,,False,False,True,True
1698800,2026-05-27,886.79,1,1.0,327.62,327.62,75,-327.842,True,False,True,True
1698800,2026-05-31,886.7,1,1.0,327.66,327.66,75,0.01,False,False,True,True
1698800,2026-06-07,886.74,1,1.0,327.6,327.6,75,0.01,False,False,True,True
1698800,2026-06-09,1214.37,1,1.0,327.62,327.62,75,-655.422,True,False,True,True
2030325,2026-07-13,587.1040000000002,25,1.0,262.070667,262.070667,75,65.579,False,False,False,True
2030325,2026-07-17,563.29,25,1.0,238.252857,238.252857,75,89.41,False,False,False,True
2030325,2026-07-18,652.7,25,1.0,89.41,89.41,75,229.344,False,False,False,True
2030325,2026-07-19,882.044,25,1.0,229.344,229.344,75,425.916,False,False,False,True
2030325,2026-07-20,1307.9600000000005,25,1.0,425.916,425.916,75,0.11,False,False,False,True
2030325,2026-07-23,652.6800000000001,25,1.0,327.69125,327.69125,75,0.031429,False,False,True,True
2030325,2026-07-26,882.039,25,1.0,229.301857,229.301857,75,98.279333,False,False,False,True
2030325,2026-07-27,980.3183333333328,25,1.0,98.279333,98.279333,75,0.043974,False,False,False,True
2030325,2026-07-31,563.3054545454545,25,1.0,238.226224,238.226224,75,89.385974,False,False,False,True
2030325,2026-08-01,652.6914285714283,25,1.0,89.385974,89.385974,75,268.044935,False,False,False,True
2030325,2026-08-02,920.736363636364,25,1.0,268.044935,268.044935,75,59.563636,False,False,False,True
2030325,2026-08-06,591.271875,25,1.0,266.254875,266.254875,75,352.655903,False,False,False,True
2030325,2026-08-07,943.927777777778,25,1.0,352.655903,352.655903,75,36.456768,False,False,False,True
2030325,2026-08-09,1253.4233333333327,25,1.0,273.038788,273.038788,75,341.274167,False,False,False,True
2030325,2026-08-10,1594.6975,25,1.0,341.274167,341.274167,75,40.988864,False,False,False,True
2030325,2026-08-14,625.4066666666668,25,1.0,300.345897,300.345897,75,325.16697,False,False,False,True
2030325,2026-08-15,950.5736363636364,25,1.0,325.16697,325.16697,75,313.74103,False,False,False,True
2030325,2026-08-16,1264.314666666667,25,1.0,313.74103,313.74103,75,-655.396,True,False,False,True
2030325,2026-08-21,625.37,25,1.0,300.304615,300.304615,75,27.336923,False,False,False,True
2030325,2026-08-24,939.36625,25,1.0,286.612917,286.612917,75,41.028365,False,False,False,True
2030325,2026-08-28,619.886,26,1.0,294.7985,294.7985,75,32.772333,False,False,False,True
2030325,2026-08-31,952.9983333333332,25,1.0,300.32119,300.32119,75,27.357051,False,False,False,True
2030325,2026-09-04,652.6700000000001,25,1.0,327.64,327.64,75,0.016667,False,False,True,True
2030325,2026-09-06,955.1546153846156,25,1.0,302.467949,302.467949,75,352.825385,False,False,False,True
2030325,2026-09-07,1307.9800000000005,25,1.0,352.825385,352.825385,75,0.058333,False,False,False,True
2030325,2026-09-12,625.3741666666667,25,1.0,300.364167,300.364167,75,27.355833,False,False,False,True
2030325,2026-09-14,980.3500000000004,25,1.0,327.62,327.62,75,327.64,False,False,True,True
2030325,2026-09-15,1307.9900000000005,25,1.0,327.64,327.64,75,-982.95,True,False,True,True
2030325,2026-09-17,627.4492307692309,25,1.0,302.409231,302.409231,75,320.094769,False,False,False,True
2030325,2026-09-18,947.544,25,1.0,320.094769,320.094769,75,32.868667,False,False,False,True
2030325,2026-09-20,1308.05,25,1.0,327.637333,327.637333,75,310.424211,False,False,True,True
2030325,2026-09-21,1618.4742105263165,25,1.0,310.424211,310.424211,75,17.255789,False,False,False,True
2030325,2026-09-25,630.818,26,1.0,305.792286,305.792286,75,21.93575,False,False,False,True
2030325,2026-09-27,980.37,25,1.0,327.61625,327.61625,75,327.67,False,False,True,True
2030325,2026-09-28,1308.040000000001,25,1.0,327.67,327.67,75,0.009091,False,False,True,True
2159987,2025-10-17,3149.6,1,1.0,2834.77,2834.77,75,114.58,False,False,False,True
2159987,2025-10-18,3264.18,1,1.0,114.58,114.58,75,-2949.06,True,False,False,True
2351232,2026-04-08,733.16,1,1.0,327.58,327.58,75,-327.851,True,False,True,True
2351232,2026-04-11,733.08,1,1.0,327.6,327.6,75,-327.771,True,False,True,True
2351232,2026-04-15,733.07,1,1.0,327.56,327.56,75,0.13,False,False,True,True
2351232,2026-04-17,1060.76,1,1.0,327.56,327.56,75,327.67,False,False,True,True
2351232,2026-04-18,1388.43,1,1.0,327.67,327.67,75,-983.121,True,False,True,True
2351232,2026-04-21,733.1,1,1.0,327.57,327.57,75,0.14,False,False,True,True
2351232,2026-04-23,1060.77,1,1.0,327.53,327.53,75,327.67,False,False,True,True
2351232,2026-04-24,1388.44,1,1.0,327.67,327.67,75,0.14,False,False,True,True
2351232,2026-04-30,733.09,1,1.0,327.61,327.61,75,0.15,False,False,True,True
2409777,2026-04-17,327.81,1,3.0,327.783,109.26100000000001,75,0.01,False,False,True,True
2491162,2026-07-04,626.5825,25,1.0,245.756944,245.756944,75,81.933864,False,False,False,True
2491162,2026-07-05,708.5163636363636,25,1.0,81.933864,81.933864,75,182.041414,False,False,False,True
2491162,2026-07-06,890.5577777777777,25,1.0,182.041414,182.041414,75,324.334949,False,False,False,True
2491162,2026-07-07,1214.8927272727274,25,1.0,324.334949,324.334949,75,148.956364,False,False,False,True
2491162,2026-07-08,1363.8490909090908,25,1.0,148.956364,148.956364,75,3005503.868209,False,False,False,True
2491162,2026-07-09,3006867.7172999997,27,1.0,3005503.868209,3005503.868209,75,-3006486.903014,True,False,False,True
2491162,2026-07-12,599.2663333333333,26,1.0,218.383256,218.383256,75,109.243667,False,False,False,True
2491162,2026-07-13,708.51,25,1.0,109.243667,109.243667,75,0.0,False,False,False,True
2519659,2025-12-31,400.44,1,1.0,327.67,327.67,75,0.03,False,False,True,True
2519659,2026-01-04,400.41,1,1.0,327.66,327.66,75,0.04,False,False,True,True
2519659,2026-01-12,400.46,1,1.0,327.67,327.67,75,327.65,False,False,True,True
2519659,2026-01-13,728.11,1,1.0,327.65,327.65,75,0.02,False,False,True,True
2519659,2026-01-20,400.44,1,2.0,327.66,163.83,75,-327.714,True,False,True,True
2519659,2026-06-05,4273565.187,1,120.0,4273492.461,35612.437175,75,-4273492.461,True,False,False,True
2519659,2026-06-11,4273565.187,1,2.0,4273492.461,2136746.2305,75,-4273492.461,True,False,False,True
2569627,2026-01-13,471.03,1,1.0,327.615,327.615,75,0.16,False,False,True,True
2647530,2026-06-16,327.98,1,1.0,327.811,327.811,75,0.34,False,False,True,True
2665800,2025-11-09,3453.96,1,1.0,327.59,327.59,75,-326.49,True,False,True,True
2859628,2026-09-15,714.84,25,1.0,294.844118,294.844118,75,-294.907,True,False,False,True
2859628,2026-09-17,747.61,25,1.0,327.677,327.677,75,0.1125,False,False,True,True
2859628,2026-09-19,1075.36,25,1.0,327.6375,327.6375,75,327.5,False,False,True,True
2859628,2026-09-20,1402.8600000000008,25,1.0,327.5,327.5,75,0.01,False,False,True,True
2859628,2026-09-25,747.58,25,1.0,327.63,327.63,75,327.65,False,False,True,True
2859628,2026-09-26,1075.23,25,1.0,327.65,327.65,75,-655.416,True,False,True,True
2983464,2025-10-17,169.0,1,1.0,152.12,152.12,75,-152.05,True,False,False,True
3240435,2026-08-19,533.0400000000001,17,1.0,163.77163,163.77163,75,163.824815,False,False,False,True
3240435,2026-08-20,696.8648148148147,25,1.0,163.824815,163.824815,75,0.461549,False,False,False,True
3281821,2026-07-01,744.62,1,1.0,327.65,327.65,75,327.61,False,False,True,True
3281821,2026-07-02,1072.23,1,1.0,327.61,327.61,75,268.205455,False,False,True,True
3281821,2026-07-04,1340.4354545454544,17,2.0,268.205455,134.1027275,75,59.702879,False,False,False,True
3281821,2026-07-10,703.6975,25,1.0,286.605147,286.605147,75,40.9325,False,False,False,True
3332300,2025-12-07,737.58,1,1.0,327.67,327.67,75,0.08,False,False,True,True
3332300,2025-12-09,1065.13,1,1.0,327.47,327.47,75,0.264,False,False,True,True
3418502,2026-08-21,386.16,16,1.0,327.628333,327.628333,75,0.0,False,False,True,True
3832684,2026-02-05,411.05,1,1.0,327.67,327.67,75,327.66,False,False,True,True
3832684,2026-02-06,738.71,1,1.0,327.66,327.66,75,0.0,False,False,True,True
3832684,2026-02-10,411.0,1,1.0,327.66,327.66,75,0.04,False,False,True,True
3832684,2026-02-13,738.69,1,1.0,327.61,327.61,75,0.01,False,False,True,True
3832684,2026-02-17,411.01,1,1.0,327.64,327.64,75,0.03,False,False,True,True
3832684,2026-02-21,738.72,1,1.0,327.65,327.65,75,-655.399,True,False,True,True
3832684,2026-02-24,411.01,1,1.0,327.64,327.64,75,0.01,False,False,True,True
3832684,2026-03-10,411.0,1,1.0,327.64,327.64,75,0.04,False,False,True,True
3832684,2026-03-13,738.68,1,1.0,327.64,327.64,75,0.0,False,False,True,True
4226606,2026-03-14,382.53,1,2.0,327.66,163.83,75,0.05,False,False,True,True
4226606,2026-03-20,382.54,1,1.0,327.67,327.67,75,0.04,False,False,True,True
4226606,2026-03-22,710.21,1,1.0,327.63,327.63,75,-655.372,True,False,True,True
4964924,2026-09-15,517.269,26,1.0,218.287182,218.287182,75,-218.462,True,False,False,True
4964924,2026-09-19,452.4806666666667,25,1.0,153.189238,153.189238,75,401.047026,False,False,False,True
4964924,2026-09-20,853.5276923076921,25,1.0,401.047026,401.047026,75,334.786593,False,False,False,True
4964924,2026-09-21,1188.3142857142857,25,1.0,334.786593,334.786593,75,93.678442,False,False,False,True
4964924,2026-09-22,1281.9927272727268,25,1.0,93.678442,93.678442,75,-983.185727,True,False,False,True
4964924,2026-09-27,626.7411764705884,25,1.0,208.653904,208.653904,75,187.195966,False,False,False,True
4964924,2026-09-28,813.9371428571428,25,1.0,187.195966,187.195966,75,140.328242,False,False,False,True
4964924,2026-09-29,954.2653846153848,25,1.0,140.328242,140.328242,75,-655.458385,True,False,False,True
5115252,2025-10-04,548.88,1,1.0,327.59,327.59,75,0.11,False,False,True,True
5115252,2025-10-06,876.59,1,1.0,327.6,327.6,75,0.16,False,False,True,True
5115252,2025-10-08,1204.26,1,1.0,327.51,327.51,75,-983.057,True,False,True,True
5115252,2025-10-11,548.89,1,1.0,327.65,327.65,75,-327.687,True,False,True,True
5115252,2025-10-13,549.0,1,1.0,327.797,327.797,75,327.63,False,False,True,True
5115252,2025-10-14,876.63,1,1.0,327.63,327.63,75,-655.427,True,False,True,True
5317621,2026-04-25,410.88,1,1.0,327.67,327.67,75,0.0,False,False,True,True
5317621,2026-04-29,410.88,1,1.0,327.67,327.67,75,-327.689,True,False,True,True
5317621,2026-05-01,410.87,1,1.0,327.679,327.679,75,-327.679,True,False,True,True
5359103,2026-04-28,697.29,1,1.0,327.51,327.51,75,0.0,False,False,True,True
5359103,2026-05-06,1024.97,1,3.0,327.64,109.21333333333332,75,0.0,False,False,True,True
5359103,2026-05-24,699.52,1,1.0,327.57,327.57,75,0.06,False,False,True,True
5359103,2026-06-01,1027.56,1,2.0,327.53,163.765,75,0.23,False,False,True,True
5359103,2026-06-30,702.42,1,3.0,327.64,109.21333333333332,75,0.03,False,False,True,True
5359103,2026-07-04,499.6628571428572,8,1.0,125.037857,125.037857,75,530.317143,False,False,False,True
5359103,2026-07-05,1029.98,25,1.0,530.317143,530.317143,75,0.02,False,False,False,True
5614222,2026-09-24,778.93,1,3.0,328.893,109.63099999999999,75,0.714615,False,False,False,True
5704914,2026-02-12,663.05,1,1.0,327.65,327.65,75,327.67,False,False,True,True
5704914,2026-02-13,990.72,1,1.0,327.67,327.67,75,-655.453,True,False,True,True
5704914,2026-02-16,663.05,1,1.0,327.53,327.53,75,327.65,False,False,True,True
5704914,2026-02-17,990.7,1,1.0,327.65,327.65,75,0.01,False,False,True,True
5704914,2026-02-20,1318.39,1,1.0,327.48,327.48,75,-983.123,True,False,True,True
5704914,2026-02-24,663.02,1,1.0,327.66,327.66,75,327.6,False,False,True,True
5704914,2026-02-25,990.62,1,1.0,327.6,327.6,75,0.18,False,False,True,True
5704914,2026-02-27,1318.42,1,1.0,327.62,327.62,75,327.63,False,False,True,True
5704914,2026-02-28,1646.05,2,1.0,327.63,327.63,75,-1310.783,True,False,True,True
5704914,2026-03-03,663.05,1,1.0,327.47,327.47,75,0.01,False,False,True,True
5704914,2026-04-04,663.22,1,1.0,327.953,327.953,75,0.24,False,False,True,True
5817786,2026-04-29,394.19,1,1.0,327.62,327.62,75,-327.732,True,False,True,True
5817786,2026-05-03,394.18,1,1.0,327.6,327.6,75,0.03,False,False,True,True
5905051,2025-11-23,553.72,1,1.0,327.63,327.63,75,327.66,False,False,True,True
5905051,2025-11-24,881.38,1,1.0,327.66,327.66,75,327.63,False,False,True,True
5905051,2025-11-25,1209.01,1,1.0,327.63,327.63,75,327.67,False,False,True,True
5905051,2025-11-26,1536.68,1,1.0,327.67,327.67,75,-1310.752,True,False,True,True
5905051,2025-11-29,553.69,1,1.0,327.61,327.61,75,0.11,False,False,True,True
5905051,2025-12-01,881.38,1,1.0,327.58,327.58,75,-655.452,True,False,True,True
5905051,2025-12-04,553.68,2,1.0,327.64,327.64,75,-327.62,True,False,True,True
5905051,2026-08-29,553.6809090909088,14,1.0,327.752909,327.752909,75,0.066364,False,False,True,True
5927111,2026-05-14,6242.45,1,1.0,332.058,332.058,120,4.55,False,False,False,True
6025274,2026-01-19,2255.7,1,1.0,327.27,327.27,75,327.67,False,False,True,True
6025274,2026-01-20,2583.37,1,1.0,327.67,327.67,75,327.66,False,False,True,True
6025274,2026-01-21,2911.03,1,1.0,327.66,327.66,75,-983.396,True,False,True,True
6251706,2026-05-12,556.09,1,1.0,327.55,327.55,75,0.14,False,False,True,True
6251706,2026-05-19,556.14,1,1.0,327.66,327.66,75,0.3,False,False,True,True
6316651,2026-01-22,403.31,1,1.0,327.67,327.67,75,0.01,False,False,True,True
6372413,2026-09-29,416.26424,26,1.0,327.833714,327.833714,75,0.09576,False,False,True,True
6778798,2025-10-03,576.83,1,1.0,327.64,327.64,75,327.65,False,False,True,True
6778798,2025-10-04,904.48,1,1.0,327.65,327.65,75,0.02,False,False,True,True
6778798,2025-10-06,1232.17,1,1.0,327.67,327.67,75,0.03,False,False,True,True
6778798,2025-10-10,576.85,1,1.0,327.63,327.63,75,0.05,False,False,True,True
6778798,2025-10-12,904.49,1,1.0,327.59,327.59,75,327.66,False,False,True,True
6778798,2025-10-13,1232.15,1,1.0,327.66,327.66,75,0.14,False,False,True,True
6778798,2025-10-19,576.79,1,1.0,327.68,327.68,75,0.05,False,False,True,True
6778798,2025-10-21,904.5,1,1.0,327.66,327.66,75,-655.39,True,False,True,True
6949939,2026-04-01,719.05,1,1.0,327.63,327.63,75,327.62,False,False,True,True
6949939,2026-04-03,1046.67,1,2.0,327.62,163.81,75,0.08,False,False,True,True
6949939,2026-04-08,719.03,1,1.0,327.61,327.61,75,0.08,False,False,True,True
6949939,2026-04-10,1046.71,1,1.0,327.6,327.6,75,0.05,False,False,True,True
6949939,2026-04-14,719.04,1,1.0,327.6,327.6,75,327.6,False,False,True,True
6949939,2026-04-15,1046.64,1,1.0,327.6,327.6,75,0.07,False,False,True,True
6949939,2026-04-17,1374.38,1,1.0,327.67,327.67,75,0.0,False,False,True,True
6949939,2026-04-23,719.1,1,1.0,327.66,327.66,75,327.58,False,False,True,True
6949939,2026-04-24,1046.68,1,1.0,327.58,327.58,75,0.07,False,False,True,True
6949939,2026-04-28,719.05,1,1.0,327.65,327.65,75,0.03,False,False,True,True
6949939,2026-04-30,1046.74,1,1.0,327.66,327.66,75,327.62,False,False,True,True
6949939,2026-05-01,1374.36,1,1.0,327.62,327.62,75,0.14,False,False,True,True
6958101,2025-10-29,333.436,1,1.0,327.876,327.876,75,0.044,False,False,True,True
7247006,2026-09-28,495.75666666666655,26,1.0,291.160667,291.160667,75,364.053333,False,False,False,True
7247006,2026-09-29,859.8099999999997,25,1.0,364.053333,364.053333,75,0.117,False,False,False,True
7293232,2026-03-16,1024.84,1,1.0,327.59,327.59,75,327.63,False,False,True,True
7293232,2026-03-17,1352.47,1,1.0,327.63,327.63,75,0.05,False,False,True,True
7293232,2026-03-19,1680.18,1,1.0,327.66,327.66,75,-983.079,True,False,True,True
7293232,2026-03-22,1024.9,1,1.0,327.63,327.63,75,327.63,False,False,True,True
7293232,2026-03-23,1352.53,1,1.0,327.63,327.63,75,327.64,False,False,True,True
7293232,2026-03-24,1680.17,1,1.0,327.64,327.64,75,0.06,False,False,True,True
7293232,2026-03-30,1024.89,1,1.0,327.65,327.65,75,327.6,False,False,True,True
7293232,2026-03-31,1352.49,1,1.0,327.6,327.6,75,0.08,False,False,True,True
7293232,2026-04-02,1680.24,1,1.0,327.67,327.67,75,-983.14,True,False,True,True
7293232,2026-04-05,1024.87,1,1.0,327.6,327.6,75,0.01,False,False,True,True
7293232,2026-04-07,1352.47,1,1.0,327.59,327.59,75,0.11,False,False,True,True
7293232,2026-04-09,1680.24,1,1.0,327.66,327.66,75,-983.14,True,False,True,True
7293232,2026-04-12,1024.89,1,1.0,327.66,327.66,75,327.67,False,False,True,True
7293232,2026-04-13,1352.56,1,1.0,327.67,327.67,75,327.61,False,False,True,True
7293232,2026-04-14,1680.17,1,1.0,327.61,327.61,75,0.1,False,False,True,True
7293232,2026-04-16,2007.9,1,1.0,327.63,327.63,75,-1310.8,True,False,True,True
7508199,2026-04-16,720.18,1,1.0,327.802,327.802,75,0.14,False,False,True,True
7826125,2025-10-03,327.83,1,1.0,327.0,327.0,75,0.13,False,False,True,True
7826125,2025-10-05,655.63,1,1.0,327.67,327.67,75,-655.116,True,False,True,True
7826125,2025-10-12,327.75,1,1.0,326.66,326.66,75,-294.7,True,False,False,True
7826125,2026-02-08,327.7,1,1.0,327.673,327.673,75,0.0,False,False,True,True
7891133,2025-10-17,2360.9,1,1.0,2124.96,2124.96,75,169.07,False,False,False,True
7891133,2025-10-18,2529.97,1,1.0,169.07,169.07,75,-2293.389,True,False,False,True
7891133,2026-08-19,486.2894117647059,25,1.0,192.799162,192.799162,75,134.941144,False,False,False,True
7891133,2026-08-20,621.2305555555554,25,1.0,134.941144,134.941144,75,0.05,False,False,False,True
7931977,2025-11-02,471.56,1,1.0,327.66,327.66,75,0.03,False,False,True,True
8148916,2025-10-17,143.1,1,1.0,128.8,128.8,75,-128.75,True,False,False,True
8190741,2025-12-21,943.83,1,1.0,327.66,327.66,75,0.19,False,False,True,True
8190741,2025-12-23,1271.16,1,1.0,327.14,327.14,75,0.59,False,False,True,True
8190741,2025-12-28,943.66,1,1.0,327.54,327.54,75,0.07,False,False,True,True
8190741,2025-12-30,1271.14,1,1.0,327.41,327.41,75,0.11,False,False,True,True
8190741,2026-01-06,943.49,1,1.0,327.42,327.42,75,0.2,False,False,True,True
8190741,2026-01-08,1271.36,1,1.0,327.67,327.67,75,-655.586,True,False,True,True
8190741,2026-01-12,943.74,1,1.0,327.966,327.966,75,327.51,False,False,True,True
8190741,2026-01-13,1271.25,1,1.0,327.51,327.51,75,0.43,False,False,True,True
8190741,2026-01-19,943.84,1,1.0,327.47,327.47,75,327.33,False,False,True,True
8190741,2026-01-20,1271.17,1,1.0,327.33,327.33,75,0.49,False,False,True,True
8190741,2026-01-22,1599.28,1,1.0,327.62,327.62,75,-983.506,True,False,True,True
8190741,2026-01-26,943.89,1,1.0,327.52,327.52,75,327.35,False,False,True,True
8190741,2026-01-27,1271.24,1,1.0,327.35,327.35,75,0.36,False,False,True,True
8190741,2026-01-30,1599.16,2,2.0,327.56,163.78,75,-982.95,True,False,True,True
8190741,2026-02-01,943.78,1,1.0,327.57,327.57,75,327.65,False,False,True,True
8190741,2026-02-02,1271.43,1,1.0,327.65,327.65,75,327.62,False,False,True,True
8190741,2026-02-03,1599.05,1,1.0,327.62,327.62,75,1.13,False,False,True,True
8190741,2026-02-05,1927.2,1,1.0,327.02,327.02,75,-1311.426,True,False,True,True
8190741,2026-02-10,944.68,1,1.0,327.1,327.1,75,-327.846,True,False,True,True
8190741,2026-02-27,944.83,1,1.0,327.996,327.996,75,0.31,False,False,True,True
8222297,2025-12-02,802.16,1,1.0,327.65,327.65,75,327.56,False,False,True,True
8222297,2025-12-03,1129.72,1,1.0,327.56,327.56,75,0.06,False,False,True,True
8305637,2026-08-01,398.07,9,1.0,327.681,327.681,75,0.027692,False,False,True,True
8498147,2026-09-17,676.7199999999999,25,1.0,327.638,327.638,75,-327.655778,True,False,True,True
8498147,2026-09-19,622.1066666666667,25,1.0,273.042444,273.042444,75,54.823333,False,False,False,True
8498147,2026-09-21,963.4575,25,1.0,286.5275,286.5275,75,41.0425,False,False,False,True
8498147,2026-09-23,1332.0299999999995,25,1.0,327.53,327.53,75,0.07,False,False,True,True
8498147,2026-09-28,640.3788888888889,25,1.0,290.968889,290.968889,75,363.971111,False,False,False,True
8498147,2026-09-29,1004.35,25,1.0,363.971111,363.971111,75,327.66,False,False,False,True
8498147,2026-09-30,1332.01,25,1.0,327.66,327.66,75,0.0,False,False,True,True
8908023,2026-09-01,327.8042857142857,16,1.0,327.804286,327.804286,75,0.171099,False,False,True,True
8908023,2026-09-07,2684367.7915,26,1.0,2684039.253239,2684039.253239,75,-2684366.742125,True,False,False,True
8953379,2026-09-14,897.69,25,1.0,327.65,327.65,75,0.0,False,False,True,True
8953379,2026-09-18,897.69,25,1.0,327.675,327.675,75,0.0,False,False,True,True
8953379,2026-09-21,1225.37,25,1.0,327.68,327.68,75,0.0,False,False,True,True
8953379,2026-09-25,897.69,26,1.0,327.675,327.675,75,0.0,False,False,True,True
8973572,2025-10-17,675.7,1,1.0,608.136,608.136,75,0.0,False,False,False,True
9317608,2026-02-09,906.53,1,1.0,327.55,327.55,75,327.57,False,False,True,True
9317608,2026-02-10,1234.1,1,1.0,327.57,327.57,75,0.12,False,False,True,True
9317608,2026-06-29,906.35,1,1.0,328.139,328.139,75,0.37,False,False,True,True
9435441,2026-05-03,422.02,1,1.0,327.64,327.64,75,0.02,False,False,True,True
9435441,2026-05-07,749.7,1,3.0,327.66,109.22000000000001,75,-655.357,True,False,True,True
9435441,2026-05-17,422.03,1,1.0,327.63,327.63,75,0.0,False,False,True,True
9435441,2026-05-19,749.7,1,1.0,327.67,327.67,75,0.01,False,False,True,True
9456566,2026-09-14,422.27,25,1.0,327.58,327.58,75,0.0,False,False,True,True
9456566,2026-09-16,749.9,25,1.0,327.63,327.63,75,0.01,False,False,True,True
9456566,2026-09-18,1030.7614285714287,25,1.0,280.851429,280.851429,75,-936.166762,True,False,False,True
9456566,2026-09-20,422.26,25,1.0,327.665333,327.665333,75,327.63,False,False,True,True
9456566,2026-09-21,749.8899999999999,25,1.0,327.63,327.63,75,0.018182,False,False,True,True
9456566,2026-09-28,375.4085714285714,25,1.0,280.816071,280.816071,75,46.864429,False,False,False,True
9487974,2026-01-06,897.03,1,1.0,327.66,327.66,75,-327.941,True,False,True,True
9487974,2026-01-08,896.96,1,1.0,327.871,327.871,75,-327.751,True,False,True,True
9487974,2026-01-12,897.16,1,1.0,327.54,327.54,75,327.56,False,False,True,True
9487974,2026-01-13,1224.72,1,1.0,327.56,327.56,75,0.28,False,False,True,True
9487974,2026-01-15,1552.42,1,1.0,327.42,327.42,75,-983.17,True,False,True,True
9487974,2026-01-21,897.16,1,2.0,327.57,163.785,75,327.65,False,False,True,True
9487974,2026-01-22,1224.81,1,1.0,327.65,327.65,75,-655.56,True,False,True,True
9487974,2026-01-26,897.1,1,1.0,327.58,327.58,75,0.05,False,False,True,True
9487974,2026-01-29,1224.79,1,1.0,327.6,327.6,75,-655.54,True,False,True,True
9487974,2026-02-04,897.14,1,1.0,327.65,327.65,75,327.64,False,False,True,True
9487974,2026-02-05,1224.78,1,1.0,327.64,327.64,75,-655.53,True,False,True,True
9487974,2026-02-08,897.01,1,1.0,327.35,327.35,75,0.06,False,False,True,True
9487974,2026-02-11,1224.8,1,1.0,327.66,327.66,75,327.67,False,False,True,True
9487974,2026-02-12,1552.47,1,1.0,327.67,327.67,75,-983.22,True,False,True,True
9487974,2026-02-15,897.06,1,1.0,327.24,327.24,75,-327.81,True,False,True,True
9875716,2026-02-13,1232.92,1,1.0,327.59,327.59,75,0.2,False,False,True,True
9875716,2026-02-16,1560.68,1,2.0,327.56,163.78,75,327.51,False,False,True,True
9875716,2026-02-17,1888.19,1,1.0,327.51,327.51,75,-983.339,True,False,True,True
9875716,2026-02-20,1232.61,1,1.0,327.42,327.42,75,0.8,False,False,True,True
