,unreal,neg_n,spike,leak,step_up,magnet_many,score
2030325,5,5.0,2,3,0,0,15.0
7293232,5,5.0,0,3,0,0,13.0
1023776,5,5.0,0,3,0,0,13.0
8190741,5,5.0,0,3,0,0,13.0
2351232,5,5.0,0,3,0,0,13.0
5115252,5,5.0,0,3,0,0,13.0
6949939,5,5.0,0,3,0,0,13.0
5704914,5,5.0,0,3,0,0,13.0
7826125,5,5.0,2,0,0,0,12.0
7891133,5,4.0,0,3,0,0,12.0
1423304,5,5.0,2,0,0,0,12.0
9875716,5,3.0,0,3,0,0,11.0
3281821,5,3.0,0,3,0,0,11.0
1492831,5,3.0,0,3,0,0,11.0
1698800,5,3.0,0,3,0,0,11.0
5927111,5,1.0,2,3,0,0,11.0
5817786,5,3.0,0,3,0,0,11.0
8498147,5,2.0,2,0,2,0,11.0
8908023,5,2.0,0,3,0,0,10.0
3832684,5,5.0,0,0,0,0,10.0
2647530,5,2.0,0,3,0,0,10.0
8222297,5,2.0,0,3,0,0,10.0
4964924,5,3.0,2,0,0,0,10.0
9487974,5,5.0,0,0,0,0,10.0
7931977,5,5.0,0,0,0,0,10.0
7508199,5,2.0,0,3,0,0,10.0
6251706,5,2.0,0,3,0,0,10.0
2491162,5,2.0,0,3,0,0,10.0
5905051,5,5.0,0,0,0,0,10.0
9317608,5,2.0,0,3,0,0,10.0
2519659,5,5.0,0,0,0,0,10.0
5317621,5,4.0,0,0,0,0,9.0
6778798,5,4.0,0,0,0,0,9.0
9456566,5,2.0,2,0,0,0,9.0
6025274,5,4.0,0,0,0,0,9.0
2159987,5,1.0,0,3,0,0,9.0
5359103,5,4.0,0,0,0,0,9.0
1184793,5,1.0,0,3,0,0,9.0
3240435,5,1.0,0,3,0,0,9.0
2983464,5,1.0,0,3,0,0,9.0
2859628,5,3.0,0,0,0,0,8.0
8973572,5,1.0,2,0,0,0,8.0
2409777,5,3.0,0,0,0,0,8.0
8953379,5,3.0,0,0,0,0,8.0
7629899,0,0.0,0,3,2,2,7.0
9435441,5,2.0,0,0,0,0,7.0
2094607,0,0.0,2,3,0,2,7.0
3743114,0,0.0,2,3,2,0,7.0
6958101,5,2.0,0,0,0,0,7.0
4226606,5,2.0,0,0,0,0,7.0
5614222,5,2.0,0,0,0,0,7.0
2569627,5,1.0,0,0,0,0,6.0
8148916,5,1.0,0,0,0,0,6.0
6372413,5,1.0,0,0,0,0,6.0
3332300,5,1.0,0,0,0,0,6.0
2665800,5,1.0,0,0,0,0,6.0
8305637,5,1.0,0,0,0,0,6.0
3418502,5,1.0,0,0,0,0,6.0
6316651,5,1.0,0,0,0,0,6.0
1581018,0,0.0,2,0,2,2,6.0
3917615,0,0.0,2,3,0,0,5.0
8685569,0,0.0,2,3,0,0,5.0
8442176,0,0.0,2,3,0,0,5.0
8309774,0,0.0,2,3,0,0,5.0
7155390,0,0.0,2,3,0,0,5.0
1391809,0,0.0,2,3,0,0,5.0
5234893,0,0.0,2,3,0,0,5.0
5869107,0,0.0,0,3,0,2,5.0
6155873,0,0.0,2,3,0,0,5.0
5723062,0,0.0,0,3,2,0,5.0
6330083,0,0.0,2,3,0,0,5.0
5650398,0,0.0,2,3,0,0,5.0
6426480,0,0.0,0,3,0,2,5.0
6509718,0,0.0,0,3,0,2,5.0
1653650,0,0.0,0,3,0,2,5.0
6947111,0,0.0,2,3,0,0,5.0
2169603,0,0.0,2,3,0,0,5.0
5176696,0,0.0,0,3,0,2,5.0
4991592,0,0.0,2,3,0,0,5.0
7128336,0,0.0,2,3,0,0,5.0
7247006,5,0.0,0,0,0,0,5.0
2106185,0,0.0,2,3,0,0,5.0
4632401,0,0.0,2,3,0,0,5.0
7654177,0,0.0,2,3,0,0,5.0
1401643,0,0.0,2,3,0,0,5.0
8746396,0,0.0,2,3,0,0,5.0
7945237,0,0.0,2,3,0,0,5.0
9885380,0,0.0,2,3,0,0,5.0
1120133,0,2.0,0,3,0,0,5.0
9081974,0,0.0,2,3,0,0,5.0
3290491,0,0.0,2,3,0,0,5.0
2789352,0,0.0,0,3,2,0,5.0
3036541,0,0.0,2,3,0,0,5.0
2358866,0,0.0,2,3,0,0,5.0
3061801,0,0.0,2,3,0,0,5.0
9481978,0,0.0,0,3,2,0,5.0
2636603,0,0.0,0,3,0,2,5.0
8236638,0,1.0,0,3,0,0,4.0
6868714,0,0.0,2,0,0,2,4.0
3831135,0,1.0,0,3,0,0,4.0
4525963,0,1.0,0,3,0,0,4.0
7093326,0,0.0,2,0,0,2,4.0
3724951,0,1.0,0,3,0,0,4.0
4788930,0,0.0,2,0,2,0,4.0
8907410,0,1.0,0,3,0,0,4.0
4720145,0,1.0,0,3,0,0,4.0
8727125,0,0.0,2,0,2,0,4.0
3084482,0,0.0,0,3,0,0,3.0
5200914,0,0.0,0,3,0,0,3.0
5213669,0,0.0,0,3,0,0,3.0
2979722,0,0.0,0,3,0,0,3.0
3083113,0,0.0,0,3,0,0,3.0
4835816,0,0.0,0,3,0,0,3.0
5242286,0,0.0,0,3,0,0,3.0
5276779,0,0.0,0,3,0,0,3.0
2936907,0,0.0,0,3,0,0,3.0
5336716,0,0.0,0,3,0,0,3.0
2994514,0,0.0,0,3,0,0,3.0
4815318,0,0.0,0,3,0,0,3.0
5343909,0,0.0,0,3,0,0,3.0
2931056,0,0.0,0,3,0,0,3.0
5344833,0,0.0,0,3,0,0,3.0
5349915,0,0.0,0,3,0,0,3.0
2928808,0,0.0,0,3,0,0,3.0
2916763,0,0.0,0,3,0,0,3.0
5373493,0,0.0,0,3,0,0,3.0
5198033,0,0.0,0,3,0,0,3.0
4974730,0,0.0,0,3,0,0,3.0
5190654,0,0.0,0,3,0,0,3.0
3055151,0,0.0,0,3,0,0,3.0
4953491,0,0.0,0,3,0,0,3.0
4995736,0,0.0,0,3,0,0,3.0
5027994,0,0.0,0,3,0,0,3.0
4947984,0,0.0,0,3,0,0,3.0
5055164,0,0.0,0,3,0,0,3.0
5064006,0,0.0,0,3,0,0,3.0
4886432,0,0.0,0,3,0,0,3.0
5086240,0,0.0,0,3,0,0,3.0
5088345,0,0.0,0,3,0,0,3.0
3059428,0,0.0,0,3,0,0,3.0
3052281,0,0.0,0,3,0,0,3.0
5424865,0,0.0,0,3,0,0,3.0
5133594,0,0.0,0,3,0,0,3.0
4867591,0,0.0,0,3,0,0,3.0
5163749,0,0.0,0,3,0,0,3.0
3043058,0,0.0,0,3,0,0,3.0
3017100,0,0.0,0,3,0,0,3.0
3007647,0,0.0,0,3,0,0,3.0
5392660,0,0.0,0,3,0,0,3.0
3479583,0,0.0,0,3,0,0,3.0
5427533,0,0.0,0,3,0,0,3.0
2661788,0,0.0,0,3,0,0,3.0
5701088,0,0.0,0,3,0,0,3.0
2680298,0,0.0,0,3,0,0,3.0
2675304,0,0.0,0,3,0,0,3.0
2668212,0,0.0,0,3,0,0,3.0
5733511,0,0.0,0,3,0,0,3.0
5736048,0,0.0,0,3,0,0,3.0
5754693,0,0.0,0,3,0,0,3.0
5756945,0,0.0,0,3,0,0,3.0
5763672,0,0.0,0,3,0,0,3.0
5779679,0,0.0,0,3,0,0,3.0
5842418,0,0.0,0,3,0,0,3.0
5695647,0,0.0,0,3,0,0,3.0
5842572,0,0.0,0,3,0,0,3.0
5856929,0,0.0,0,3,0,0,3.0
5864429,0,0.0,0,3,0,0,3.0
2633697,0,0.0,0,3,0,0,3.0
2628399,0,0.0,0,3,0,0,3.0
5884645,0,0.0,0,3,0,0,3.0
5891137,0,0.0,0,3,0,0,3.0
5892318,0,0.0,0,3,0,0,3.0
2604129,0,0.0,0,3,0,0,3.0
5909058,0,0.0,0,3,0,0,3.0
5695895,0,0.0,0,3,0,0,3.0
5686561,0,0.0,0,3,0,0,3.0
5429170,0,0.0,0,3,0,0,3.0
5516412,0,0.0,0,3,0,0,3.0
5434658,0,0.0,0,3,0,0,3.0
1009827,0,0.0,0,3,0,0,3.0
3161059,0,0.0,0,3,0,0,3.0
5478348,0,0.0,0,3,0,0,3.0
5490175,0,0.0,0,3,0,0,3.0
5493791,0,0.0,0,3,0,0,3.0
2888135,0,0.0,0,3,0,0,3.0
5506592,0,0.0,0,3,0,0,3.0
2836989,0,0.0,0,3,0,0,3.0
5509991,0,0.0,0,3,0,0,3.0
5523945,0,0.0,0,3,0,0,3.0
2729604,0,0.0,0,3,0,0,3.0
5547539,0,0.0,0,3,0,0,3.0
2789723,0,0.0,0,3,0,0,3.0
5560931,0,0.0,0,3,0,0,3.0
5563405,0,0.0,0,3,0,0,3.0
5587690,0,0.0,0,3,0,0,3.0
5595309,0,0.0,0,3,0,0,3.0
5629612,0,0.0,0,3,0,0,3.0
2771736,0,0.0,0,3,0,0,3.0
2745000,0,0.0,0,3,0,0,3.0
5659703,0,0.0,0,3,0,0,3.0
5470328,0,0.0,0,3,0,0,3.0
3216456,0,0.0,0,3,0,0,3.0
4812707,0,0.0,0,3,0,0,3.0
3399315,0,0.0,0,3,0,0,3.0
3811237,0,0.0,0,3,0,0,3.0
3413887,0,0.0,0,3,0,0,3.0
3845067,0,0.0,0,3,0,0,3.0
3851035,0,0.0,0,3,0,0,3.0
3412964,0,0.0,0,3,0,0,3.0
3411383,0,0.0,0,3,0,0,3.0
3857125,0,0.0,0,3,0,0,3.0
3868263,0,0.0,0,3,0,0,3.0
3883696,0,0.0,0,3,0,0,3.0
3892436,0,0.0,0,3,0,0,3.0
3923702,0,0.0,0,3,0,0,3.0
3799156,0,0.0,0,3,0,0,3.0
3925062,0,0.0,0,3,0,0,3.0
3925899,0,0.0,0,3,0,0,3.0
3397815,0,0.0,0,3,0,0,3.0
3960609,0,0.0,0,3,0,0,3.0
3965367,0,0.0,0,3,0,0,3.0
3969844,0,0.0,0,3,0,0,3.0
3379581,0,0.0,0,3,0,0,3.0
4013308,0,0.0,0,3,0,0,3.0
4023703,0,0.0,0,3,0,0,3.0
4045800,0,0.0,0,3,0,0,3.0
3803919,0,0.0,0,3,0,0,3.0
3789036,0,0.0,0,3,0,0,3.0
4066372,0,0.0,0,3,0,0,3.0
3685091,0,0.0,0,3,0,0,3.0
3464121,0,0.0,0,3,0,0,3.0
3568088,0,0.0,0,3,0,0,3.0
3587823,0,0.0,0,3,0,0,3.0
3596053,0,0.0,0,3,0,0,3.0
3606714,0,0.0,0,3,0,0,3.0
3624975,0,0.0,0,3,0,0,3.0
3450773,0,0.0,0,3,0,0,3.0
3628560,0,0.0,0,3,0,0,3.0
3671498,0,0.0,0,3,0,0,3.0
3679615,0,0.0,0,3,0,0,3.0
3698283,0,0.0,0,3,0,0,3.0
3785851,0,0.0,0,3,0,0,3.0
3699232,0,0.0,0,3,0,0,3.0
3723284,0,0.0,0,3,0,0,3.0
3733593,0,0.0,0,3,0,0,3.0
3736963,0,0.0,0,3,0,0,3.0
3742286,0,0.0,0,3,0,0,3.0
3438513,0,0.0,0,3,0,0,3.0
3746101,0,0.0,0,3,0,0,3.0
3427965,0,0.0,0,3,0,0,3.0
3746583,0,0.0,0,3,0,0,3.0
3763659,0,0.0,0,3,0,0,3.0
4058812,0,0.0,0,3,0,0,3.0
4107970,0,0.0,0,3,0,0,3.0
4784112,0,0.0,0,3,0,0,3.0
4565193,0,0.0,0,3,0,0,3.0
4471818,0,0.0,0,3,0,0,3.0
3239189,0,0.0,0,3,0,0,3.0
4493272,0,0.0,0,3,0,0,3.0
4506163,0,0.0,0,3,0,0,3.0
4520579,0,0.0,0,3,0,0,3.0
4530662,0,0.0,0,3,0,0,3.0
4538153,0,0.0,0,3,0,0,3.0
4538641,0,0.0,0,3,0,0,3.0
4540227,0,0.0,0,3,0,0,3.0
4551145,0,0.0,0,3,0,0,3.0
3234158,0,0.0,0,3,0,0,3.0
4448779,0,0.0,0,3,0,0,3.0
4582752,0,0.0,0,3,0,0,3.0
3228151,0,3.0,0,0,0,0,3.0
4647411,0,0.0,0,3,0,0,3.0
4731326,0,0.0,0,3,0,0,3.0
4746469,0,0.0,0,3,0,0,3.0
4750133,0,0.0,0,3,0,0,3.0
4762144,0,0.0,0,3,0,0,3.0
3517263,0,0.0,0,3,0,0,3.0
3199577,0,0.0,0,3,0,0,3.0
4767569,0,0.0,0,3,0,0,3.0
3239572,0,0.0,0,3,0,0,3.0
4448303,0,0.0,0,3,0,0,3.0
4116261,0,0.0,0,3,0,0,3.0
3298048,0,0.0,0,3,0,0,3.0
4125292,0,0.0,0,3,0,0,3.0
4140178,0,0.0,0,3,0,0,3.0
4196861,0,0.0,0,3,0,0,3.0
4201571,0,0.0,0,3,0,0,3.0
5922855,0,0.0,0,3,0,0,3.0
3341779,0,0.0,0,3,0,0,3.0
3331304,0,0.0,0,3,0,0,3.0
4225133,0,0.0,0,3,0,0,3.0
3324922,0,0.0,0,3,0,0,3.0
4259353,0,0.0,0,3,0,0,3.0
3289699,0,0.0,0,3,0,0,3.0
4416088,0,0.0,0,3,0,0,3.0
3287558,0,0.0,0,3,0,0,3.0
4266597,0,0.0,0,3,0,0,3.0
4272556,0,0.0,0,3,0,0,3.0
4273329,0,0.0,0,3,0,0,3.0
4294354,0,0.0,0,3,0,0,3.0
4314034,0,0.0,0,3,0,0,3.0
4397016,0,0.0,0,3,0,0,3.0
3263226,0,0.0,0,3,0,0,3.0
3245496,0,0.0,0,3,0,0,3.0
4414578,0,0.0,0,3,0,0,3.0
5457463,0,0.0,0,3,0,0,3.0
6346874,0,0.0,0,3,0,0,3.0
5956373,0,0.0,0,3,0,0,3.0
8469340,0,0.0,0,3,0,0,3.0
8508960,0,0.0,0,3,0,0,3.0
8521337,0,0.0,0,3,0,0,3.0
8534142,0,0.0,0,3,0,0,3.0
8576071,0,0.0,0,3,0,0,3.0
8580685,0,0.0,0,3,0,0,3.0
8582990,0,0.0,0,3,0,0,3.0
8592251,0,0.0,0,3,0,0,3.0
8625108,0,0.0,0,3,0,0,3.0
8628112,0,0.0,0,3,0,0,3.0
8647630,0,0.0,0,3,0,0,3.0
8686974,0,0.0,0,3,0,0,3.0
8722351,0,0.0,0,3,0,0,3.0
8781002,0,0.0,0,3,0,0,3.0
8789370,0,0.0,0,3,0,0,3.0
8817433,0,0.0,0,3,0,0,3.0
8826875,0,0.0,0,3,0,0,3.0
8855142,0,0.0,0,3,0,0,3.0
8890155,0,0.0,0,3,0,0,3.0
8892990,0,0.0,0,3,0,0,3.0
8918237,0,0.0,0,3,0,0,3.0
8925497,0,0.0,0,3,0,0,3.0
8929942,0,0.0,0,3,0,0,3.0
8967551,0,0.0,0,3,0,0,3.0
8993087,0,0.0,0,3,0,0,3.0
8997445,0,0.0,0,3,0,0,3.0
9008552,0,0.0,0,3,0,0,3.0
9022729,0,0.0,0,3,0,0,3.0
8505652,0,0.0,0,3,0,0,3.0
8469140,0,0.0,0,3,0,0,3.0
8045600,0,0.0,0,3,0,0,3.0
8439486,0,0.0,0,3,0,0,3.0
8076159,0,0.0,0,3,0,0,3.0
8109674,0,0.0,0,3,0,0,3.0
8112530,0,0.0,0,3,0,0,3.0
8126842,0,0.0,0,3,0,0,3.0
8141911,0,0.0,0,3,0,0,3.0
8143917,0,0.0,0,3,0,0,3.0
8202643,0,0.0,0,3,0,0,3.0
8212322,0,0.0,0,3,0,0,3.0
8222087,0,0.0,0,3,0,0,3.0
8236745,0,0.0,0,3,0,0,3.0
8245992,0,0.0,0,3,0,0,3.0
8254344,0,0.0,0,3,0,0,3.0
8254454,0,0.0,0,3,0,0,3.0
8267143,0,0.0,0,3,0,0,3.0
8290291,0,0.0,0,3,0,0,3.0
8290453,0,0.0,0,3,0,0,3.0
8296042,0,0.0,0,3,0,0,3.0
8325513,0,0.0,0,3,0,0,3.0
8327569,0,0.0,0,3,0,0,3.0
8338293,0,0.0,0,3,0,0,3.0
8340273,0,0.0,0,3,0,0,3.0
8344936,0,0.0,0,3,0,0,3.0
8394105,0,0.0,0,3,0,0,3.0
8394112,0,0.0,0,3,0,0,3.0
8401529,0,0.0,0,3,0,0,3.0
8403925,0,0.0,0,3,0,0,3.0
8438725,0,0.0,0,3,0,0,3.0
9039415,0,0.0,0,3,0,0,3.0
9052022,0,0.0,0,3,0,0,3.0
9075478,0,0.0,0,3,0,0,3.0
9086568,0,0.0,0,3,0,0,3.0
9653004,0,0.0,0,3,0,0,3.0
9696391,0,0.0,0,3,0,0,3.0
9706252,0,0.0,0,3,0,0,3.0
9724036,0,0.0,0,3,0,0,3.0
9748204,0,0.0,0,3,0,0,3.0
9748634,0,0.0,0,3,0,0,3.0
9756635,0,0.0,0,3,0,0,3.0
9780222,0,0.0,0,3,0,0,3.0
9787306,0,0.0,0,3,0,0,3.0
9804679,0,0.0,0,3,0,0,3.0
9806041,0,0.0,0,3,0,0,3.0
9827412,0,0.0,0,3,0,0,3.0
9834402,0,0.0,0,3,0,0,3.0
9847979,0,0.0,0,3,0,0,3.0
9857727,0,0.0,0,3,0,0,3.0
9882523,0,0.0,0,3,0,0,3.0
9908164,0,0.0,0,3,0,0,3.0
9908583,0,0.0,0,3,0,0,3.0
9912891,0,0.0,0,3,0,0,3.0
9917719,0,0.0,0,3,0,0,3.0
9931867,0,0.0,0,3,0,0,3.0
9944910,0,0.0,0,3,0,0,3.0
9961291,0,0.0,0,3,0,0,3.0
9964092,0,0.0,0,3,0,0,3.0
9966165,0,0.0,0,3,0,0,3.0
9991953,0,0.0,0,3,0,0,3.0
9996860,0,0.0,0,3,0,0,3.0
9635995,0,0.0,0,3,0,0,3.0
9631526,0,0.0,0,3,0,0,3.0
9615224,0,0.0,0,3,0,0,3.0
9360899,0,0.0,0,3,0,0,3.0
9088398,0,0.0,0,3,0,0,3.0
9128254,0,0.0,0,3,0,0,3.0
9131911,0,0.0,0,3,0,0,3.0
9161111,0,0.0,0,3,0,0,3.0
9182033,0,0.0,0,3,0,0,3.0
9197593,0,0.0,0,3,0,0,3.0
9199377,0,0.0,0,3,0,0,3.0
9202915,0,0.0,0,3,0,0,3.0
9272990,0,0.0,0,3,0,0,3.0
9285411,0,0.0,0,3,0,0,3.0
9309323,0,0.0,0,3,0,0,3.0
9336777,0,0.0,0,3,0,0,3.0
9374551,0,0.0,0,3,0,0,3.0
9562096,0,0.0,0,3,0,0,3.0
9374807,0,0.0,0,3,0,0,3.0
9376621,0,0.0,0,3,0,0,3.0
9378119,0,0.0,0,3,0,0,3.0
9394241,0,0.0,0,3,0,0,3.0
9418921,0,0.0,0,3,0,0,3.0
9449175,0,0.0,0,3,0,0,3.0
9462446,0,0.0,0,3,0,0,3.0
9475728,0,0.0,0,3,0,0,3.0
9479365,0,0.0,0,3,0,0,3.0
9516695,0,0.0,0,3,0,0,3.0
9530537,0,0.0,0,3,0,0,3.0
9547006,0,0.0,0,3,0,0,3.0
8067784,0,0.0,0,3,0,0,3.0
8023624,0,0.0,0,3,0,0,3.0
5964481,0,0.0,0,3,0,0,3.0
6442272,0,0.0,0,3,0,0,3.0
6478032,0,0.0,0,3,0,0,3.0
6487880,0,0.0,0,3,0,0,3.0
6530403,0,0.0,0,3,0,0,3.0
6550913,0,0.0,0,3,0,0,3.0
6569324,0,0.0,0,3,0,0,3.0
6579281,0,0.0,0,3,0,0,3.0
6603129,0,0.0,0,3,0,0,3.0
6633635,0,0.0,0,3,0,0,3.0
6648195,0,0.0,0,3,0,0,3.0
6651771,0,0.0,0,3,0,0,3.0
6652798,0,0.0,0,3,0,0,3.0
6660508,0,0.0,0,3,0,0,3.0
6669646,0,0.0,0,3,0,0,3.0
6681058,0,0.0,0,3,0,0,3.0
6688560,0,0.0,0,3,0,0,3.0
6700385,0,0.0,0,3,0,0,3.0
6763436,0,0.0,0,3,0,0,3.0
6781357,0,0.0,0,3,0,0,3.0
6829431,0,0.0,0,3,0,0,3.0
6839885,0,0.0,0,3,0,0,3.0
6853059,0,0.0,0,3,0,0,3.0
6868279,0,0.0,0,3,0,0,3.0
6874441,0,0.0,0,3,0,0,3.0
6928060,0,0.0,0,3,0,0,3.0
6931955,0,0.0,0,3,0,0,3.0
6932845,0,0.0,0,3,0,0,3.0
6947429,0,0.0,0,3,0,0,3.0
6467614,0,0.0,0,3,0,0,3.0
6420091,0,0.0,0,3,0,0,3.0
8002184,0,0.0,0,3,0,0,3.0
6415600,0,0.0,0,3,0,0,3.0
5988831,0,0.0,0,3,0,0,3.0
6014050,0,0.0,0,3,0,0,3.0
6017145,0,0.0,0,3,0,0,3.0
6018296,0,0.0,0,3,0,0,3.0
6049797,0,0.0,0,3,0,0,3.0
6053668,0,0.0,0,3,0,0,3.0
6062598,0,0.0,0,3,0,0,3.0
6083757,0,0.0,0,3,0,0,3.0
6138584,0,0.0,0,3,0,0,3.0
6170256,0,0.0,0,3,0,0,3.0
6175767,0,0.0,0,3,0,0,3.0
6187520,0,0.0,0,3,0,0,3.0
6193330,0,0.0,0,3,0,0,3.0
6203630,0,0.0,0,3,0,0,3.0
6224304,0,0.0,0,3,0,0,3.0
6242496,0,0.0,0,3,0,0,3.0
6269268,0,0.0,0,3,0,0,3.0
6269642,0,0.0,0,3,0,0,3.0
6289611,0,0.0,0,3,0,0,3.0
6308346,0,0.0,0,3,0,0,3.0
6321189,0,1.0,0,0,0,2,3.0
2588994,0,0.0,0,3,0,0,3.0
6374262,0,0.0,0,3,0,0,3.0
6377542,0,0.0,0,3,0,0,3.0
6380142,0,0.0,0,3,0,0,3.0
6383784,0,0.0,0,3,0,0,3.0
6406171,0,0.0,0,3,0,0,3.0
6951752,0,0.0,0,3,0,0,3.0
6955657,0,0.0,0,3,0,0,3.0
7010638,0,0.0,0,3,0,0,3.0
7041545,0,0.0,0,3,0,0,3.0
7551928,0,0.0,0,3,0,0,3.0
7566805,0,0.0,0,3,0,0,3.0
7584689,0,0.0,0,3,0,0,3.0
7591491,0,0.0,0,3,0,0,3.0
7592903,0,0.0,0,3,0,0,3.0
7594167,0,0.0,0,3,0,0,3.0
7606795,0,0.0,0,3,0,0,3.0
7607353,0,0.0,0,3,0,0,3.0
7607467,0,0.0,0,3,0,0,3.0
7617005,0,0.0,0,3,0,0,3.0
7652531,0,0.0,0,3,0,0,3.0
7656457,0,0.0,0,3,0,0,3.0
7669147,0,0.0,0,3,0,0,3.0
7698445,0,0.0,0,3,0,0,3.0
7742958,0,0.0,0,3,0,0,3.0
7752691,0,0.0,0,3,0,0,3.0
7760994,0,0.0,0,3,0,0,3.0
7784695,0,0.0,0,3,0,0,3.0
7801742,0,0.0,0,3,0,0,3.0
7807280,0,0.0,0,3,0,0,3.0
7816780,0,0.0,0,3,0,0,3.0
7818631,0,0.0,0,3,0,0,3.0
7824970,0,0.0,0,3,0,0,3.0
7865121,0,0.0,0,3,0,0,3.0
7872015,0,0.0,0,3,0,0,3.0
7879951,0,0.0,0,3,0,0,3.0
7965380,0,0.0,0,3,0,0,3.0
7507433,0,0.0,0,3,0,0,3.0
7493131,0,0.0,0,3,0,0,3.0
7479711,0,0.0,0,3,0,0,3.0
7199412,0,0.0,0,3,0,0,3.0
7043402,0,0.0,0,3,0,0,3.0
7043512,0,0.0,0,3,0,0,3.0
7045545,0,0.0,0,3,0,0,3.0
7046513,0,0.0,0,3,0,0,3.0
7049566,0,0.0,0,3,0,0,3.0
7062475,0,0.0,0,3,0,0,3.0
7088447,0,0.0,0,3,0,0,3.0
7099555,0,0.0,0,3,0,0,3.0
7107724,0,0.0,0,3,0,0,3.0
7121065,0,0.0,0,3,0,0,3.0
7132329,0,0.0,0,3,0,0,3.0
7192629,0,0.0,0,3,0,0,3.0
7244161,0,0.0,0,3,0,0,3.0
7470740,0,0.0,0,3,0,0,3.0
7255952,0,0.0,0,3,0,0,3.0
7299545,0,0.0,0,3,0,0,3.0
7318324,0,0.0,0,3,0,0,3.0
7324653,0,0.0,0,3,0,0,3.0
7336665,0,0.0,0,3,0,0,3.0
7344301,0,0.0,0,3,0,0,3.0
7349704,0,0.0,0,3,0,0,3.0
7349878,0,0.0,0,3,0,0,3.0
7369840,0,0.0,0,3,0,0,3.0
7410147,0,0.0,0,3,0,0,3.0
7456571,0,0.0,0,3,0,0,3.0
7469325,0,0.0,0,3,0,0,3.0
2591881,0,0.0,0,3,0,0,3.0
9997690,0,0.0,0,3,0,0,3.0
2224075,0,0.0,0,3,0,0,3.0
1167943,0,0.0,0,3,0,0,3.0
2158804,0,0.0,0,3,0,0,3.0
1770522,0,0.0,0,3,0,0,3.0
1654117,0,0.0,0,3,0,0,3.0
2416919,0,0.0,0,3,0,0,3.0
1871084,0,0.0,0,3,0,0,3.0
1068203,0,0.0,0,3,0,0,3.0
2388450,0,0.0,0,3,0,0,3.0
2022801,0,0.0,0,3,0,0,3.0
1065404,0,0.0,0,3,0,0,3.0
2014988,0,0.0,0,3,0,0,3.0
1557433,0,0.0,0,3,0,0,3.0
1268872,0,0.0,0,3,0,0,3.0
1433929,0,0.0,0,3,0,0,3.0
1888107,0,0.0,0,3,0,0,3.0
2223581,0,0.0,0,3,0,0,3.0
1664296,0,0.0,0,3,0,0,3.0
2382071,0,0.0,0,3,0,0,3.0
2537803,0,0.0,0,3,0,0,3.0
1895151,0,0.0,0,3,0,0,3.0
1051888,0,0.0,0,3,0,0,3.0
2369469,0,0.0,0,3,0,0,3.0
2368381,0,0.0,0,3,0,0,3.0
1752882,0,0.0,0,3,0,0,3.0
2229718,0,0.0,0,3,0,0,3.0
1652618,0,0.0,0,3,0,0,3.0
1864174,0,0.0,0,3,0,0,3.0
2131126,0,0.0,0,3,0,0,3.0
1648954,0,0.0,0,3,0,0,3.0
2073952,0,0.0,0,3,0,0,3.0
1420105,0,0.0,0,3,0,0,3.0
2166461,0,0.0,0,3,0,0,3.0
2167255,0,0.0,0,3,0,0,3.0
2177021,0,0.0,0,3,0,0,3.0
1105787,0,0.0,0,3,0,0,3.0
1635103,0,0.0,0,3,0,0,3.0
2493308,0,0.0,0,3,0,0,3.0
2188349,0,0.0,0,3,0,0,3.0
1089425,0,0.0,0,3,0,0,3.0
1085569,0,0.0,0,3,0,0,3.0
2462031,0,0.0,0,3,0,0,3.0
1071951,0,0.0,0,3,0,0,3.0
1297392,0,0.0,0,3,0,0,3.0
2057545,0,0.0,0,3,0,0,3.0
1130809,0,0.0,0,3,0,0,3.0
1606847,0,0.0,0,3,0,0,3.0
1141551,0,0.0,0,3,0,0,3.0
1599801,0,0.0,0,3,0,0,3.0
2512096,0,0.0,0,3,0,0,3.0
2450482,0,0.0,0,3,0,0,3.0
2440580,0,0.0,0,3,0,0,3.0
1325265,0,0.0,0,3,0,0,3.0
1160330,0,0.0,0,3,0,0,3.0
2356509,0,0.0,0,3,0,0,3.0
1303647,0,0.0,0,3,0,0,3.0
2130747,0,0.0,0,3,0,0,3.0
2126094,0,0.0,0,3,0,0,3.0
1750418,0,0.0,0,3,0,0,3.0
1256752,0,0.0,0,3,0,0,3.0
1982516,0,0.0,0,3,0,0,3.0
1249509,0,0.0,0,3,0,0,3.0
2567791,0,0.0,0,3,0,0,3.0
1512557,0,0.0,0,3,0,0,3.0
1925279,0,0.0,0,3,0,0,3.0
1208037,0,0.0,0,3,0,0,3.0
2569759,0,0.0,0,3,0,0,3.0
1975122,0,0.0,0,3,0,0,3.0
1369227,0,0.0,0,3,0,0,3.0
2260200,0,0.0,0,3,0,0,3.0
1017574,0,0.0,0,3,0,0,3.0
1496904,0,0.0,0,3,0,0,3.0
1934676,0,0.0,0,3,0,0,3.0
2331473,0,0.0,0,3,0,0,3.0
1942236,0,0.0,0,3,0,0,3.0
1222593,0,0.0,0,3,0,0,3.0
1013205,0,0.0,0,3,0,0,3.0
1944961,0,0.0,0,3,0,0,3.0
1968630,0,0.0,0,3,0,0,3.0
1341246,0,0.0,0,3,0,0,3.0
1203613,0,0.0,0,3,0,0,3.0
2554826,0,0.0,0,3,0,0,3.0
1200600,0,0.0,0,3,0,0,3.0
2106907,0,0.0,0,3,0,0,3.0
1260857,0,0.0,0,3,0,0,3.0
7793994,0,0.0,2,0,0,0,2.0
4156947,0,0.0,0,0,0,2,2.0
7557363,0,0.0,2,0,0,0,2.0
7554572,0,0.0,2,0,0,0,2.0
2331858,0,0.0,0,0,0,2,2.0
3608551,0,0.0,2,0,0,0,2.0
1835380,0,2.0,0,0,0,0,2.0
6929058,0,0.0,2,0,0,0,2.0
4155583,0,0.0,2,0,0,0,2.0
7438167,0,0.0,2,0,0,0,2.0
5077445,0,0.0,0,0,0,2,2.0
5433406,0,0.0,2,0,0,0,2.0
7606637,0,0.0,2,0,0,0,2.0
5540392,0,0.0,2,0,0,0,2.0
9064799,0,0.0,2,0,0,0,2.0
2199847,0,0.0,2,0,0,0,2.0
1297937,0,0.0,2,0,0,0,2.0
8854548,0,0.0,2,0,0,0,2.0
3077004,0,0.0,2,0,0,0,2.0
1847627,0,0.0,2,0,0,0,2.0
3761383,0,0.0,0,0,2,0,2.0
9478788,0,0.0,2,0,0,0,2.0
1115097,0,0.0,0,0,0,2,2.0
7594285,0,0.0,2,0,0,0,2.0
5282823,0,0.0,2,0,0,0,2.0
7766200,0,0.0,2,0,0,0,2.0
5310066,0,2.0,0,0,0,0,2.0
7365695,0,0.0,0,0,0,2,2.0
8620255,0,0.0,2,0,0,0,2.0
7587131,0,0.0,2,0,0,0,2.0
3445926,0,0.0,2,0,0,0,2.0
3027526,0,0.0,2,0,0,0,2.0
3025270,0,0.0,2,0,0,0,2.0
3199070,0,0.0,2,0,0,0,2.0
9131722,0,0.0,2,0,0,0,2.0
4947265,0,0.0,0,0,0,2,2.0
1987230,0,0.0,2,0,0,0,2.0
5828152,0,0.0,0,0,0,2,2.0
1278937,0,0.0,2,0,0,0,2.0
7626821,0,0.0,2,0,0,0,2.0
8697703,0,0.0,0,0,0,2,2.0
7526447,0,0.0,2,0,0,0,2.0
2383758,0,0.0,2,0,0,0,2.0
3521717,0,0.0,0,0,0,2,2.0
1909301,0,0.0,2,0,0,0,2.0
5339071,0,0.0,0,0,0,2,2.0
7532225,0,0.0,0,0,0,2,2.0
3347433,0,0.0,2,0,0,0,2.0
3347458,0,0.0,2,0,0,0,2.0
3351652,0,0.0,0,0,0,2,2.0
9185625,0,0.0,2,0,0,0,2.0
7611765,0,0.0,2,0,0,0,2.0
5838414,0,0.0,2,0,0,0,2.0
4673022,0,0.0,2,0,0,0,2.0
1156864,0,0.0,0,0,0,2,2.0
1918245,0,0.0,0,0,0,2,2.0
4072376,0,0.0,2,0,0,0,2.0
5871865,0,0.0,2,0,0,0,2.0
5134263,0,0.0,2,0,0,0,2.0
2376453,0,0.0,0,0,0,2,2.0
8497990,0,0.0,2,0,0,0,2.0
7304195,0,0.0,2,0,0,0,2.0
9301402,0,0.0,0,0,0,2,2.0
1527149,0,0.0,0,0,0,2,2.0
1171145,0,0.0,2,0,0,0,2.0
9277360,0,0.0,2,0,0,0,2.0
5856988,0,0.0,2,0,0,0,2.0
8643423,0,0.0,0,0,0,2,2.0
5262334,0,0.0,2,0,0,0,2.0
8998672,0,0.0,2,0,0,0,2.0
5739713,0,0.0,0,0,0,2,2.0
2148838,0,0.0,2,0,0,0,2.0
5433294,0,0.0,2,0,0,0,2.0
2655929,0,0.0,2,0,0,0,2.0
2962679,0,0.0,2,0,0,0,2.0
2619485,0,0.0,0,0,0,2,2.0
9655681,0,0.0,0,0,0,2,2.0
1320679,0,0.0,2,0,0,0,2.0
6112822,0,0.0,2,0,0,0,2.0
6119963,0,0.0,0,0,0,2,2.0
4619913,0,0.0,2,0,0,0,2.0
4725354,0,0.0,2,0,0,0,2.0
2657774,0,0.0,2,0,0,0,2.0
6374140,0,0.0,2,0,0,0,2.0
8260607,0,0.0,2,0,0,0,2.0
6148469,0,0.0,0,0,0,2,2.0
6335255,0,0.0,0,0,0,2,2.0
1773366,0,0.0,2,0,0,0,2.0
2158929,0,0.0,2,0,0,0,2.0
1380978,0,0.0,2,0,0,0,2.0
6192312,0,0.0,2,0,0,0,2.0
4755967,0,0.0,0,0,0,2,2.0
7886852,0,0.0,0,0,0,2,2.0
2704749,0,0.0,0,0,2,0,2.0
8165855,0,0.0,2,0,0,0,2.0
6231672,0,0.0,2,0,0,0,2.0
4945470,0,0.0,2,0,0,0,2.0
1766221,0,0.0,0,0,0,2,2.0
4476018,0,0.0,2,0,0,0,2.0
7951890,0,0.0,2,0,0,0,2.0
6508448,0,0.0,2,0,0,0,2.0
1052703,0,0.0,2,0,0,0,2.0
2589310,0,0.0,2,0,0,0,2.0
4895719,0,0.0,2,0,0,0,2.0
6817583,0,0.0,2,0,0,0,2.0
6065567,0,0.0,2,0,0,0,2.0
7823655,0,0.0,2,0,0,0,2.0
2597486,0,0.0,2,0,0,0,2.0
1359753,0,0.0,2,0,0,0,2.0
9997183,0,0.0,0,0,0,2,2.0
7726046,0,1.0,0,0,0,0,1.0
2735490,0,1.0,0,0,0,0,1.0
8756951,0,1.0,0,0,0,0,1.0
6177761,0,1.0,0,0,0,0,1.0
8439264,0,1.0,0,0,0,0,1.0
6244261,0,1.0,0,0,0,0,1.0
7233648,0,1.0,0,0,0,0,1.0
1063500,0,1.0,0,0,0,0,1.0
2709217,0,1.0,0,0,0,0,1.0
8833701,0,1.0,0,0,0,0,1.0
8538619,0,1.0,0,0,0,0,1.0
6259524,0,1.0,0,0,0,0,1.0
7830876,0,1.0,0,0,0,0,1.0
8588204,0,1.0,0,0,0,0,1.0
2161582,0,1.0,0,0,0,0,1.0
7568628,0,0.0,0,0,0,0,0.0
7450362,0,0.0,0,0,0,0,0.0
7992006,0,0.0,0,0,0,0,0.0
1457258,0,0.0,0,0,0,0,0.0
8001103,0,0.0,0,0,0,0,0.0
7567417,0,0.0,0,0,0,0,0.0
1457212,0,0.0,0,0,0,0,0.0
7563492,0,0.0,0,0,0,0,0.0
8075181,0,0.0,0,0,0,0,0.0
8070635,0,0.0,0,0,0,0,0.0
7558835,0,0.0,0,0,0,0,0.0
7449540,0,0.0,0,0,0,0,0.0
7998080,0,0.0,0,0,0,0,0.0
7441280,0,0.0,0,0,0,0,0.0
7555690,0,0.0,0,0,0,0,0.0
7469531,0,0.0,0,0,0,0,0.0
7570524,0,0.0,0,0,0,0,0.0
7571046,0,0.0,0,0,0,0,0.0
7951279,0,0.0,0,0,0,0,0.0
7601059,0,0.0,0,0,0,0,0.0
1376482,0,0.0,0,0,0,0,0.0
7599432,0,0.0,0,0,0,0,0.0
7969077,0,0.0,0,0,0,0,0.0
7969293,0,0.0,0,0,0,0,0.0
7975160,0,0.0,0,0,0,0,0.0
7975796,0,0.0,0,0,0,0,0.0
7420431,0,0.0,0,0,0,0,0.0
1446491,0,0.0,0,0,0,0,0.0
1450471,0,0.0,0,0,0,0,0.0
1452897,0,0.0,0,0,0,0,0.0
7977069,0,0.0,0,0,0,0,0.0
1454363,0,0.0,0,0,0,0,0.0
7543351,0,0.0,0,0,0,0,0.0
7581794,0,0.0,0,0,0,0,0.0
7986215,0,0.0,0,0,0,0,0.0
7574545,0,0.0,0,0,0,0,0.0
7429765,0,0.0,0,0,0,0,0.0
7982400,0,0.0,0,0,0,0,0.0
8019123,0,0.0,0,0,0,0,0.0
7452306,0,0.0,0,0,0,0,0.0
8048380,0,0.0,0,0,0,0,0.0
8035800,0,0.0,0,0,0,0,0.0
8037838,0,0.0,0,0,0,0,0.0
7496751,0,0.0,0,0,0,0,0.0
7495794,0,0.0,0,0,0,0,0.0
8039757,0,0.0,0,0,0,0,0.0
8044906,0,0.0,0,0,0,0,0.0
1463873,0,0.0,0,0,0,0,0.0
7492504,0,0.0,0,0,0,0,0.0
7490574,0,0.0,0,0,0,0,0.0
8046323,0,0.0,0,0,0,0,0.0
7488701,0,0.0,0,0,0,0,0.0
7452608,0,0.0,0,0,0,0,0.0
7488465,0,0.0,0,0,0,0,0.0
8059235,0,0.0,0,0,0,0,0.0
7486412,0,0.0,0,0,0,0,0.0
1466132,0,0.0,0,0,0,0,0.0
7479307,0,0.0,0,0,0,0,0.0
7478491,0,0.0,0,0,0,0,0.0
8052946,0,0.0,0,0,0,0,0.0
1467418,0,0.0,0,0,0,0,0.0
7462999,0,0.0,0,0,0,0,0.0
1470903,0,0.0,0,0,0,0,0.0
7460512,0,0.0,0,0,0,0,0.0
8035544,0,0.0,0,0,0,0,0.0
8035498,0,0.0,0,0,0,0,0.0
1364262,0,0.0,0,0,0,0,0.0
1374906,0,0.0,0,0,0,0,0.0
7453178,0,0.0,0,0,0,0,0.0
8057689,0,0.0,0,0,0,0,0.0
8019765,0,0.0,0,0,0,0,0.0
8021855,0,0.0,0,0,0,0,0.0
8068889,0,0.0,0,0,0,0,0.0
8021914,0,0.0,0,0,0,0,0.0
1372570,0,0.0,0,0,0,0,0.0
7525776,0,0.0,0,0,0,0,0.0
8025433,0,0.0,0,0,0,0,0.0
1480541,0,0.0,0,0,0,0,0.0
8025921,0,0.0,0,0,0,0,0.0
7521297,0,0.0,0,0,0,0,0.0
7520244,0,0.0,0,0,0,0,0.0
7949907,0,0.0,0,0,0,0,0.0
7510752,0,0.0,0,0,0,0,0.0
1460239,0,0.0,0,0,0,0,0.0
1460940,0,0.0,0,0,0,0,0.0
8028700,0,0.0,0,0,0,0,0.0
7503806,0,0.0,0,0,0,0,0.0
7498287,0,0.0,0,0,0,0,0.0
7801777,0,0.0,0,0,0,0,0.0
7923619,0,0.0,0,0,0,0,0.0
1376731,0,0.0,0,0,0,0,0.0
7725473,0,0.0,0,0,0,0,0.0
1425344,0,0.0,0,0,0,0,0.0
7742751,0,0.0,0,0,0,0,0.0
7736480,0,0.0,0,0,0,0,0.0
7829738,0,0.0,0,0,0,0,0.0
7736303,0,0.0,0,0,0,0,0.0
7736246,0,0.0,0,0,0,0,0.0
7838946,0,0.0,0,0,0,0,0.0
7735469,0,0.0,0,0,0,0,0.0
7735118,0,0.0,0,0,0,0,0.0
1480551,0,0.0,0,0,0,0,0.0
7727822,0,0.0,0,0,0,0,0.0
7723693,0,0.0,0,0,0,0,0.0
7826228,0,0.0,0,0,0,0,0.0
7722032,0,0.0,0,0,0,0,0.0
7720437,0,0.0,0,0,0,0,0.0
7841131,0,0.0,0,0,0,0,0.0
7844207,0,0.0,0,0,0,0,0.0
7845110,0,0.0,0,0,0,0,0.0
7719848,0,0.0,0,0,0,0,0.0
7849911,0,0.0,0,0,0,0,0.0
7719153,0,0.0,0,0,0,0,0.0
7717763,0,0.0,0,0,0,0,0.0
7714872,0,0.0,0,0,0,0,0.0
7851424,0,0.0,0,0,0,0,0.0
7827764,0,0.0,0,0,0,0,0.0
1392594,0,0.0,0,0,0,0,0.0
7855058,0,0.0,0,0,0,0,0.0
7818052,0,0.0,0,0,0,0,0.0
7796077,0,0.0,0,0,0,0,0.0
1415713,0,0.0,0,0,0,0,0.0
7808335,0,0.0,0,0,0,0,0.0
7791851,0,0.0,0,0,0,0,0.0
7791520,0,0.0,0,0,0,0,0.0
7808615,0,0.0,0,0,0,0,0.0
7816572,0,0.0,0,0,0,0,0.0
1415475,0,0.0,0,0,0,0,0.0
7817501,0,0.0,0,0,0,0,0.0
7786866,0,0.0,0,0,0,0,0.0
7785062,0,0.0,0,0,0,0,0.0
1407662,0,0.0,0,0,0,0,0.0
7825492,0,0.0,0,0,0,0,0.0
1420914,0,0.0,0,0,0,0,0.0
7784447,0,0.0,0,0,0,0,0.0
7780297,0,0.0,0,0,0,0,0.0
7763731,0,0.0,0,0,0,0,0.0
7761718,0,0.0,0,0,0,0,0.0
1422496,0,0.0,0,0,0,0,0.0
7758323,0,0.0,0,0,0,0,0.0
7758283,0,0.0,0,0,0,0,0.0
7757908,0,0.0,0,0,0,0,0.0
1425234,0,0.0,0,0,0,0,0.0
1396859,0,0.0,0,0,0,0,0.0
7708343,0,0.0,0,0,0,0,0.0
7707141,0,0.0,0,0,0,0,0.0
7939958,0,0.0,0,0,0,0,0.0
7919885,0,0.0,0,0,0,0,0.0
7887030,0,0.0,0,0,0,0,0.0
1380617,0,0.0,0,0,0,0,0.0
7891584,0,0.0,0,0,0,0,0.0
7895267,0,0.0,0,0,0,0,0.0
7624914,0,0.0,0,0,0,0,0.0
7621006,0,0.0,0,0,0,0,0.0
7620390,0,0.0,0,0,0,0,0.0
7619408,0,0.0,0,0,0,0,0.0
7899179,0,0.0,0,0,0,0,0.0
7619242,0,0.0,0,0,0,0,0.0
7913451,0,0.0,0,0,0,0,0.0
1440515,0,0.0,0,0,0,0,0.0
1439721,0,0.0,0,0,0,0,0.0
7920079,0,0.0,0,0,0,0,0.0
7612606,0,0.0,0,0,0,0,0.0
7610615,0,0.0,0,0,0,0,0.0
1376811,0,0.0,0,0,0,0,0.0
7932185,0,0.0,0,0,0,0,0.0
7609104,0,0.0,0,0,0,0,0.0
1441719,0,0.0,0,0,0,0,0.0
7933765,0,0.0,0,0,0,0,0.0
1442731,0,0.0,0,0,0,0,0.0
7936759,0,0.0,0,0,0,0,0.0
1444221,0,0.0,0,0,0,0,0.0
7628318,0,0.0,0,0,0,0,0.0
7630963,0,0.0,0,0,0,0,0.0
1428608,0,0.0,0,0,0,0,0.0
7659741,0,0.0,0,0,0,0,0.0
7693664,0,0.0,0,0,0,0,0.0
1391598,0,0.0,0,0,0,0,0.0
7692120,0,0.0,0,0,0,0,0.0
7675574,0,0.0,0,0,0,0,0.0
7672909,0,0.0,0,0,0,0,0.0
7671148,0,0.0,0,0,0,0,0.0
7669666,0,0.0,0,0,0,0,0.0
7867299,0,0.0,0,0,0,0,0.0
7871016,0,0.0,0,0,0,0,0.0
1432068,0,0.0,0,0,0,0,0.0
1390034,0,0.0,0,0,0,0,0.0
7657012,0,0.0,0,0,0,0,0.0
7633760,0,0.0,0,0,0,0,0.0
7877187,0,0.0,0,0,0,0,0.0
7877935,0,0.0,0,0,0,0,0.0
1439092,0,0.0,0,0,0,0,0.0
1439640,0,0.0,0,0,0,0,0.0
7647703,0,0.0,0,0,0,0,0.0
7644714,0,0.0,0,0,0,0,0.0
7881413,0,0.0,0,0,0,0,0.0
7638986,0,0.0,0,0,0,0,0.0
7637677,0,0.0,0,0,0,0,0.0
7636837,0,0.0,0,0,0,0,0.0
7636490,0,0.0,0,0,0,0,0.0
7728391,0,0.0,0,0,0,0,0.0
7268054,0,0.0,0,0,0,0,0.0
7403406,0,0.0,0,0,0,0,0.0
6794229,0,0.0,0,0,0,0,0.0
6771303,0,0.0,0,0,0,0,0.0
6772540,0,0.0,0,0,0,0,0.0
6773355,0,0.0,0,0,0,0,0.0
6778964,0,0.0,0,0,0,0,0.0
1648762,0,0.0,0,0,0,0,0.0
6789628,0,0.0,0,0,0,0,0.0
6797500,0,0.0,0,0,0,0,0.0
6764023,0,0.0,0,0,0,0,0.0
6798315,0,0.0,0,0,0,0,0.0
6809020,0,0.0,0,0,0,0,0.0
6811799,0,0.0,0,0,0,0,0.0
6813927,0,0.0,0,0,0,0,0.0
6815582,0,0.0,0,0,0,0,0.0
6816076,0,0.0,0,0,0,0,0.0
6767694,0,0.0,0,0,0,0,0.0
1649046,0,0.0,0,0,0,0,0.0
6818341,0,0.0,0,0,0,0,0.0
6726076,0,0.0,0,0,0,0,0.0
6708324,0,0.0,0,0,0,0,0.0
6714990,0,0.0,0,0,0,0,0.0
6715599,0,0.0,0,0,0,0,0.0
6715781,0,0.0,0,0,0,0,0.0
6715837,0,0.0,0,0,0,0,0.0
6723561,0,0.0,0,0,0,0,0.0
6727203,0,0.0,0,0,0,0,0.0
6759958,0,0.0,0,0,0,0,0.0
6730057,0,0.0,0,0,0,0,0.0
6744008,0,0.0,0,0,0,0,0.0
6753001,0,0.0,0,0,0,0,0.0
6753286,0,0.0,0,0,0,0,0.0
6754005,0,0.0,0,0,0,0,0.0
6758118,0,0.0,0,0,0,0,0.0
6817818,0,0.0,0,0,0,0,0.0
6818785,0,0.0,0,0,0,0,0.0
6703536,0,0.0,0,0,0,0,0.0
6915968,0,0.0,0,0,0,0,0.0
6906324,0,0.0,0,0,0,0,0.0
6907838,0,0.0,0,0,0,0,0.0
6908374,0,0.0,0,0,0,0,0.0
6908750,0,0.0,0,0,0,0,0.0
6909575,0,0.0,0,0,0,0,0.0
6911173,0,0.0,0,0,0,0,0.0
6918520,0,0.0,0,0,0,0,0.0
6887195,0,0.0,0,0,0,0,0.0
6921537,0,0.0,0,0,0,0,0.0
1623970,0,0.0,0,0,0,0,0.0
6928259,0,0.0,0,0,0,0,0.0
1615525,0,0.0,0,0,0,0,0.0
1614327,0,0.0,0,0,0,0,0.0
6936497,0,0.0,0,0,0,0,0.0
6903530,0,0.0,0,0,0,0,0.0
6880260,0,0.0,0,0,0,0,0.0
6823053,0,0.0,0,0,0,0,0.0
6850930,0,0.0,0,0,0,0,0.0
1639300,0,0.0,0,0,0,0,0.0
6830968,0,0.0,0,0,0,0,0.0
1637769,0,0.0,0,0,0,0,0.0
6842708,0,0.0,0,0,0,0,0.0
6849538,0,0.0,0,0,0,0,0.0
6849982,0,0.0,0,0,0,0,0.0
6851656,0,0.0,0,0,0,0,0.0
1626490,0,0.0,0,0,0,0,0.0
1635801,0,0.0,0,0,0,0,0.0
6854384,0,0.0,0,0,0,0,0.0
6863891,0,0.0,0,0,0,0,0.0
1627805,0,0.0,0,0,0,0,0.0
6871492,0,0.0,0,0,0,0,0.0
6874076,0,0.0,0,0,0,0,0.0
6707977,0,0.0,0,0,0,0,0.0
6700811,0,0.0,0,0,0,0,0.0
7401776,0,0.0,0,0,0,0,0.0
6553928,0,0.0,0,0,0,0,0.0
6538640,0,0.0,0,0,0,0,0.0
6539232,0,0.0,0,0,0,0,0.0
6541130,0,0.0,0,0,0,0,0.0
1693909,0,0.0,0,0,0,0,0.0
6552218,0,0.0,0,0,0,0,0.0
6553755,0,0.0,0,0,0,0,0.0
6554035,0,0.0,0,0,0,0,0.0
1706397,0,0.0,0,0,0,0,0.0
6554606,0,0.0,0,0,0,0,0.0
6559532,0,0.0,0,0,0,0,0.0
6562934,0,0.0,0,0,0,0,0.0
6567677,0,0.0,0,0,0,0,0.0
1693842,0,0.0,0,0,0,0,0.0
6571093,0,0.0,0,0,0,0,0.0
6533480,0,0.0,0,0,0,0,0.0
6529591,0,0.0,0,0,0,0,0.0
1684051,0,0.0,0,0,0,0,0.0
6500812,0,0.0,0,0,0,0,0.0
6471780,0,0.0,0,0,0,0,0.0
6477229,0,0.0,0,0,0,0,0.0
1710212,0,0.0,0,0,0,0,0.0
6480408,0,0.0,0,0,0,0,0.0
1709733,0,0.0,0,0,0,0,0.0
6496515,0,0.0,0,0,0,0,0.0
6509346,0,0.0,0,0,0,0,0.0
6528607,0,0.0,0,0,0,0,0.0
6509588,0,0.0,0,0,0,0,0.0
1707796,0,0.0,0,0,0,0,0.0
6516434,0,0.0,0,0,0,0,0.0
6518665,0,0.0,0,0,0,0,0.0
6521672,0,0.0,0,0,0,0,0.0
6525083,0,0.0,0,0,0,0,0.0
6572157,0,0.0,0,0,0,0,0.0
6580194,0,0.0,0,0,0,0,0.0
6696732,0,0.0,0,0,0,0,0.0
6666501,0,0.0,0,0,0,0,0.0
6653057,0,0.0,0,0,0,0,0.0
6654759,0,0.0,0,0,0,0,0.0
6660142,0,0.0,0,0,0,0,0.0
1659383,0,0.0,0,0,0,0,0.0
6661619,0,0.0,0,0,0,0,0.0
6663873,0,0.0,0,0,0,0,0.0
1659101,0,0.0,0,0,0,0,0.0
6648554,0,0.0,0,0,0,0,0.0
6673025,0,0.0,0,0,0,0,0.0
6675553,0,0.0,0,0,0,0,0.0
6675897,0,0.0,0,0,0,0,0.0
6678810,0,0.0,0,0,0,0,0.0
1658732,0,0.0,0,0,0,0,0.0
6682779,0,0.0,0,0,0,0,0.0
1663018,0,0.0,0,0,0,0,0.0
1667117,0,0.0,0,0,0,0,0.0
6582634,0,0.0,0,0,0,0,0.0
6602206,0,0.0,0,0,0,0,0.0
6589946,0,0.0,0,0,0,0,0.0
6590740,0,0.0,0,0,0,0,0.0
6594027,0,0.0,0,0,0,0,0.0
6594805,0,0.0,0,0,0,0,0.0
6596412,0,0.0,0,0,0,0,0.0
6597102,0,0.0,0,0,0,0,0.0
6602986,0,0.0,0,0,0,0,0.0
6636238,0,0.0,0,0,0,0,0.0
1680989,0,0.0,0,0,0,0,0.0
6607523,0,0.0,0,0,0,0,0.0
6613279,0,0.0,0,0,0,0,0.0
6623068,0,0.0,0,0,0,0,0.0
6627292,0,0.0,0,0,0,0,0.0
1675645,0,0.0,0,0,0,0,0.0
6937246,0,0.0,0,0,0,0,0.0
6937321,0,0.0,0,0,0,0,0.0
6939703,0,0.0,0,0,0,0,0.0
7250975,0,0.0,0,0,0,0,0.0
7240219,0,0.0,0,0,0,0,0.0
7241542,0,0.0,0,0,0,0,0.0
1524240,0,0.0,0,0,0,0,0.0
7249485,0,0.0,0,0,0,0,0.0
7249757,0,0.0,0,0,0,0,0.0
7250470,0,0.0,0,0,0,0,0.0
7251669,0,0.0,0,0,0,0,0.0
7232334,0,0.0,0,0,0,0,0.0
1521629,0,0.0,0,0,0,0,0.0
7258762,0,0.0,0,0,0,0,0.0
7266480,0,0.0,0,0,0,0,0.0
7272748,0,0.0,0,0,0,0,0.0
7273000,0,0.0,0,0,0,0,0.0
7275319,0,0.0,0,0,0,0,0.0
7237771,0,0.0,0,0,0,0,0.0
7230230,0,0.0,0,0,0,0,0.0
7290687,0,0.0,0,0,0,0,0.0
7192663,0,0.0,0,0,0,0,0.0
7182991,0,0.0,0,0,0,0,0.0
7187629,0,0.0,0,0,0,0,0.0
7188090,0,0.0,0,0,0,0,0.0
7188133,0,0.0,0,0,0,0,0.0
7192582,0,0.0,0,0,0,0,0.0
1529371,0,0.0,0,0,0,0,0.0
7193933,0,0.0,0,0,0,0,0.0
7217906,0,0.0,0,0,0,0,0.0
1529069,0,0.0,0,0,0,0,0.0
7202307,0,0.0,0,0,0,0,0.0
7211402,0,0.0,0,0,0,0,0.0
7211463,0,0.0,0,0,0,0,0.0
7213019,0,0.0,0,0,0,0,0.0
7215959,0,0.0,0,0,0,0,0.0
7286195,0,0.0,0,0,0,0,0.0
7292538,0,0.0,0,0,0,0,0.0
6941661,0,0.0,0,0,0,0,0.0
1483685,0,0.0,0,0,0,0,0.0
7359849,0,0.0,0,0,0,0,0.0
7361367,0,0.0,0,0,0,0,0.0
7363701,0,0.0,0,0,0,0,0.0
7364376,0,0.0,0,0,0,0,0.0
7365465,0,0.0,0,0,0,0,0.0
7367509,0,0.0,0,0,0,0,0.0
7374143,0,0.0,0,0,0,0,0.0
1500982,0,0.0,0,0,0,0,0.0
7380982,0,0.0,0,0,0,0,0.0
7382734,0,0.0,0,0,0,0,0.0
7391026,0,0.0,0,0,0,0,0.0
7396974,0,0.0,0,0,0,0,0.0
7400494,0,0.0,0,0,0,0,0.0
7401577,0,0.0,0,0,0,0,0.0
7358279,0,0.0,0,0,0,0,0.0
7348366,0,0.0,0,0,0,0,0.0
1513317,0,0.0,0,0,0,0,0.0
7312032,0,0.0,0,0,0,0,0.0
7296673,0,0.0,0,0,0,0,0.0
7297537,0,0.0,0,0,0,0,0.0
7305549,0,0.0,0,0,0,0,0.0
7306319,0,0.0,0,0,0,0,0.0
7306482,0,0.0,0,0,0,0,0.0
7309526,0,0.0,0,0,0,0,0.0
7314546,0,0.0,0,0,0,0,0.0
1501314,0,0.0,0,0,0,0,0.0
7314722,0,0.0,0,0,0,0,0.0
1510387,0,0.0,0,0,0,0,0.0
1509231,0,0.0,0,0,0,0,0.0
7327294,0,0.0,0,0,0,0,0.0
7330052,0,0.0,0,0,0,0,0.0
1504233,0,0.0,0,0,0,0,0.0
7182750,0,0.0,0,0,0,0,0.0
7180980,0,0.0,0,0,0,0,0.0
7180100,0,0.0,0,0,0,0,0.0
7015997,0,0.0,0,0,0,0,0.0
6986246,0,0.0,0,0,0,0,0.0
6986680,0,0.0,0,0,0,0,0.0
6994287,0,0.0,0,0,0,0,0.0
7000034,0,0.0,0,0,0,0,0.0
7006541,0,0.0,0,0,0,0,0.0
1595429,0,0.0,0,0,0,0,0.0
7018891,0,0.0,0,0,0,0,0.0
6975053,0,0.0,0,0,0,0,0.0
7021114,0,0.0,0,0,0,0,0.0
7027463,0,0.0,0,0,0,0,0.0
7032675,0,0.0,0,0,0,0,0.0
7035705,0,0.0,0,0,0,0,0.0
7036971,0,0.0,0,0,0,0,0.0
1591483,0,0.0,0,0,0,0,0.0
6985389,0,0.0,0,0,0,0,0.0
6974754,0,0.0,0,0,0,0,0.0
7174522,0,0.0,0,0,0,0,0.0
6948616,0,0.0,0,0,0,0,0.0
6943612,0,0.0,0,0,0,0,0.0
6944439,0,0.0,0,0,0,0,0.0
6945432,0,0.0,0,0,0,0,0.0
1614043,0,0.0,0,0,0,0,0.0
1609783,0,0.0,0,0,0,0,0.0
6947462,0,0.0,0,0,0,0,0.0
1609520,0,0.0,0,0,0,0,0.0
6971995,0,0.0,0,0,0,0,0.0
1598183,0,0.0,0,0,0,0,0.0
6958123,0,0.0,0,0,0,0,0.0
6962411,0,0.0,0,0,0,0,0.0
6965158,0,0.0,0,0,0,0,0.0
6970027,0,0.0,0,0,0,0,0.0
6971858,0,0.0,0,0,0,0,0.0
1586282,0,0.0,0,0,0,0,0.0
1582134,0,0.0,0,0,0,0,0.0
1580367,0,0.0,0,0,0,0,0.0
7141811,0,0.0,0,0,0,0,0.0
1551929,0,0.0,0,0,0,0,0.0
7123055,0,0.0,0,0,0,0,0.0
7126732,0,0.0,0,0,0,0,0.0
7127866,0,0.0,0,0,0,0,0.0
1547698,0,0.0,0,0,0,0,0.0
1539336,0,0.0,0,0,0,0,0.0
7144718,0,0.0,0,0,0,0,0.0
1578912,0,0.0,0,0,0,0,0.0
7144863,0,0.0,0,0,0,0,0.0
7149502,0,0.0,0,0,0,0,0.0
7152195,0,0.0,0,0,0,0,0.0
1531544,0,0.0,0,0,0,0,0.0
7156614,0,0.0,0,0,0,0,0.0
7163854,0,0.0,0,0,0,0,0.0
7119380,0,0.0,0,0,0,0,0.0
7110176,0,0.0,0,0,0,0,0.0
1556880,0,0.0,0,0,0,0,0.0
1557691,0,0.0,0,0,0,0,0.0
7090645,0,0.0,0,0,0,0,0.0
1562638,0,0.0,0,0,0,0,0.0
7084541,0,0.0,0,0,0,0,0.0
7081096,0,0.0,0,0,0,0,0.0
7069668,0,0.0,0,0,0,0,0.0
7069473,0,0.0,0,0,0,0,0.0
7063834,0,0.0,0,0,0,0,0.0
1566678,0,0.0,0,0,0,0,0.0
7059651,0,0.0,0,0,0,0,0.0
7057886,0,0.0,0,0,0,0,0.0
7054636,0,0.0,0,0,0,0,0.0
1572228,0,0.0,0,0,0,0,0.0
7047517,0,0.0,0,0,0,0,0.0
1360538,0,0.0,0,0,0,0,0.0
2582169,0,0.0,0,0,0,0,0.0
8089147,0,0.0,0,0,0,0,0.0
9247256,0,0.0,0,0,0,0,0.0
9305264,0,0.0,0,0,0,0,0.0
1160272,0,0.0,0,0,0,0,0.0
9311918,0,0.0,0,0,0,0,0.0
9314190,0,0.0,0,0,0,0,0.0
1159791,0,0.0,0,0,0,0,0.0
9318603,0,0.0,0,0,0,0,0.0
9325487,0,0.0,0,0,0,0,0.0
9326248,0,0.0,0,0,0,0,0.0
9342821,0,0.0,0,0,0,0,0.0
9345616,0,0.0,0,0,0,0,0.0
9350578,0,0.0,0,0,0,0,0.0
9353540,0,0.0,0,0,0,0,0.0
9354769,0,0.0,0,0,0,0,0.0
9359021,0,0.0,0,0,0,0,0.0
1155063,0,0.0,0,0,0,0,0.0
9303988,0,0.0,0,0,0,0,0.0
9302752,0,0.0,0,0,0,0,0.0
9289228,0,0.0,0,0,0,0,0.0
9262156,0,0.0,0,0,0,0,0.0
9248485,0,0.0,0,0,0,0,0.0
9250106,0,0.0,0,0,0,0,0.0
9253884,0,0.0,0,0,0,0,0.0
9254821,0,0.0,0,0,0,0,0.0
9255877,0,0.0,0,0,0,0,0.0
9256769,0,0.0,0,0,0,0,0.0
9262934,0,0.0,0,0,0,0,0.0
9286575,0,0.0,0,0,0,0,0.0
9264330,0,0.0,0,0,0,0,0.0
9267497,0,0.0,0,0,0,0,0.0
9271840,0,0.0,0,0,0,0,0.0
1162061,0,0.0,0,0,0,0,0.0
9273097,0,0.0,0,0,0,0,0.0
9275729,0,0.0,0,0,0,0,0.0
9364023,0,0.0,0,0,0,0,0.0
1152019,0,0.0,0,0,0,0,0.0
1146062,0,0.0,0,0,0,0,0.0
1124179,0,0.0,0,0,0,0,0.0
9468528,0,0.0,0,0,0,0,0.0
9471915,0,0.0,0,0,0,0,0.0
9475139,0,0.0,0,0,0,0,0.0
1126259,0,0.0,0,0,0,0,0.0
9476561,0,0.0,0,0,0,0,0.0
9477920,0,0.0,0,0,0,0,0.0
9480515,0,0.0,0,0,0,0,0.0
1132016,0,0.0,0,0,0,0,0.0
9480728,0,0.0,0,0,0,0,0.0
1118909,0,0.0,0,0,0,0,0.0
9484110,0,0.0,0,0,0,0,0.0
9494991,0,0.0,0,0,0,0,0.0
9496586,0,0.0,0,0,0,0,0.0
9496850,0,0.0,0,0,0,0,0.0
9457454,0,0.0,0,0,0,0,0.0
9454865,0,0.0,0,0,0,0,0.0
1143066,0,0.0,0,0,0,0,0.0
9408228,0,0.0,0,0,0,0,0.0
9381087,0,0.0,0,0,0,0,0.0
9381335,0,0.0,0,0,0,0,0.0
9393144,0,0.0,0,0,0,0,0.0
1138644,0,0.0,0,0,0,0,0.0
9394284,0,0.0,0,0,0,0,0.0
9400927,0,0.0,0,0,0,0,0.0
1138613,0,0.0,0,0,0,0,0.0
9453854,0,0.0,0,0,0,0,0.0
9427180,0,0.0,0,0,0,0,0.0
9429699,0,0.0,0,0,0,0,0.0
9430772,0,0.0,0,0,0,0,0.0
1133816,0,0.0,0,0,0,0,0.0
9440000,0,0.0,0,0,0,0,0.0
1133197,0,0.0,0,0,0,0,0.0
9247295,0,0.0,0,0,0,0,0.0
9246818,0,0.0,0,0,0,0,0.0
1108353,0,0.0,0,0,0,0,0.0
9243894,0,0.0,0,0,0,0,0.0
9069651,0,0.0,0,0,0,0,0.0
1192597,0,0.0,0,0,0,0,0.0
9081404,0,0.0,0,0,0,0,0.0
1191362,0,0.0,0,0,0,0,0.0
1191262,0,0.0,0,0,0,0,0.0
9087243,0,0.0,0,0,0,0,0.0
1184456,0,0.0,0,0,0,0,0.0
9091530,0,0.0,0,0,0,0,0.0
9093410,0,0.0,0,0,0,0,0.0
9093817,0,0.0,0,0,0,0,0.0
9096678,0,0.0,0,0,0,0,0.0
9101798,0,0.0,0,0,0,0,0.0
9104608,0,0.0,0,0,0,0,0.0
9110103,0,0.0,0,0,0,0,0.0
9110436,0,0.0,0,0,0,0,0.0
9068535,0,0.0,0,0,0,0,0.0
9068432,0,0.0,0,0,0,0,0.0
9065148,0,0.0,0,0,0,0,0.0
9036778,0,0.0,0,0,0,0,0.0
9021438,0,0.0,0,0,0,0,0.0
9022304,0,0.0,0,0,0,0,0.0
1201162,0,0.0,0,0,0,0,0.0
9023065,0,0.0,0,0,0,0,0.0
9025567,0,0.0,0,0,0,0,0.0
9035272,0,0.0,0,0,0,0,0.0
9036922,0,0.0,0,0,0,0,0.0
9064818,0,0.0,0,0,0,0,0.0
9039028,0,0.0,0,0,0,0,0.0
1200874,0,0.0,0,0,0,0,0.0
9049062,0,0.0,0,0,0,0,0.0
9053834,0,0.0,0,0,0,0,0.0
9060246,0,0.0,0,0,0,0,0.0
9062427,0,0.0,0,0,0,0,0.0
9111914,0,0.0,0,0,0,0,0.0
9113214,0,0.0,0,0,0,0,0.0
9114170,0,0.0,0,0,0,0,0.0
1162696,0,0.0,0,0,0,0,0.0
9182478,0,0.0,0,0,0,0,0.0
9194284,0,0.0,0,0,0,0,0.0
9194829,0,0.0,0,0,0,0,0.0
1167400,0,0.0,0,0,0,0,0.0
9197839,0,0.0,0,0,0,0,0.0
1164495,0,0.0,0,0,0,0,0.0
9206993,0,0.0,0,0,0,0,0.0
9170542,0,0.0,0,0,0,0,0.0
9209636,0,0.0,0,0,0,0,0.0
9227999,0,0.0,0,0,0,0,0.0
9228895,0,0.0,0,0,0,0,0.0
9234087,0,0.0,0,0,0,0,0.0
9238626,0,0.0,0,0,0,0,0.0
9239686,0,0.0,0,0,0,0,0.0
9174908,0,0.0,0,0,0,0,0.0
9170161,0,0.0,0,0,0,0,0.0
9115192,0,0.0,0,0,0,0,0.0
9133267,0,0.0,0,0,0,0,0.0
9117054,0,0.0,0,0,0,0,0.0
9117800,0,0.0,0,0,0,0,0.0
9118523,0,0.0,0,0,0,0,0.0
1182346,0,0.0,0,0,0,0,0.0
9130860,0,0.0,0,0,0,0,0.0
9131078,0,0.0,0,0,0,0,0.0
9141020,0,0.0,0,0,0,0,0.0
9166115,0,0.0,0,0,0,0,0.0
9154219,0,0.0,0,0,0,0,0.0
9159226,0,0.0,0,0,0,0,0.0
1169137,0,0.0,0,0,0,0,0.0
9162450,0,0.0,0,0,0,0,0.0
9162648,0,0.0,0,0,0,0,0.0
9166100,0,0.0,0,0,0,0,0.0
9504469,0,0.0,0,0,0,0,0.0
9517570,0,0.0,0,0,0,0,0.0
9017047,0,0.0,0,0,0,0,0.0
9775235,0,0.0,0,0,0,0,0.0
9852677,0,0.0,0,0,0,0,0.0
9854781,0,0.0,0,0,0,0,0.0
1045708,0,0.0,0,0,0,0,0.0
9858382,0,0.0,0,0,0,0,0.0
9858495,0,0.0,0,0,0,0,0.0
9862108,0,0.0,0,0,0,0,0.0
9864895,0,0.0,0,0,0,0,0.0
9872761,0,0.0,0,0,0,0,0.0
1045488,0,0.0,0,0,0,0,0.0
9878703,0,0.0,0,0,0,0,0.0
9882453,0,0.0,0,0,0,0,0.0
1042752,0,0.0,0,0,0,0,0.0
9882792,0,0.0,0,0,0,0,0.0
1042704,0,0.0,0,0,0,0,0.0
9887153,0,0.0,0,0,0,0,0.0
9842173,0,0.0,0,0,0,0,0.0
9839504,0,0.0,0,0,0,0,0.0
9830896,0,0.0,0,0,0,0,0.0
9805954,0,0.0,0,0,0,0,0.0
9787467,0,0.0,0,0,0,0,0.0
9790281,0,0.0,0,0,0,0,0.0
9791767,0,0.0,0,0,0,0,0.0
9798376,0,0.0,0,0,0,0,0.0
9803762,0,0.0,0,0,0,0,0.0
1057698,0,0.0,0,0,0,0,0.0
1056800,0,0.0,0,0,0,0,0.0
1056633,0,0.0,0,0,0,0,0.0
9808552,0,0.0,0,0,0,0,0.0
9810204,0,0.0,0,0,0,0,0.0
9820852,0,0.0,0,0,0,0,0.0
9821331,0,0.0,0,0,0,0,0.0
9822128,0,0.0,0,0,0,0,0.0
9824800,0,0.0,0,0,0,0,0.0
9892950,0,0.0,0,0,0,0,0.0
9895035,0,0.0,0,0,0,0,0.0
9896658,0,0.0,0,0,0,0,0.0
1017147,0,0.0,0,0,0,0,0.0
1026548,0,0.0,0,0,0,0,0.0
9945875,0,0.0,0,0,0,0,0.0
9960047,0,0.0,0,0,0,0,0.0
9960483,0,0.0,0,0,0,0,0.0
1018690,0,0.0,0,0,0,0,0.0
9963898,0,0.0,0,0,0,0,0.0
9974107,0,0.0,0,0,0,0,0.0
9937454,0,0.0,0,0,0,0,0.0
9974166,0,0.0,0,0,0,0,0.0
9991552,0,0.0,0,0,0,0,0.0
9991641,0,0.0,0,0,0,0,0.0
9995186,0,0.0,0,0,0,0,0.0
1010676,0,0.0,0,0,0,0,0.0
9997080,0,0.0,0,0,0,0,0.0
9943024,0,0.0,0,0,0,0,0.0
9937349,0,0.0,0,0,0,0,0.0
9898229,0,0.0,0,0,0,0,0.0
9912037,0,0.0,0,0,0,0,0.0
9898544,0,0.0,0,0,0,0,0.0
9901490,0,0.0,0,0,0,0,0.0
9902670,0,0.0,0,0,0,0,0.0
9905067,0,0.0,0,0,0,0,0.0
1038452,0,0.0,0,0,0,0,0.0
1036686,0,0.0,0,0,0,0,0.0
1033804,0,0.0,0,0,0,0,0.0
9937101,0,0.0,0,0,0,0,0.0
9915062,0,0.0,0,0,0,0,0.0
1031366,0,0.0,0,0,0,0,0.0
9920199,0,0.0,0,0,0,0,0.0
9923832,0,0.0,0,0,0,0,0.0
9927542,0,0.0,0,0,0,0,0.0
1029380,0,0.0,0,0,0,0,0.0
9785015,0,0.0,0,0,0,0,0.0
9769696,0,0.0,0,0,0,0,0.0
9517599,0,0.0,0,0,0,0,0.0
9758884,0,0.0,0,0,0,0,0.0
9611567,0,0.0,0,0,0,0,0.0
9612389,0,0.0,0,0,0,0,0.0
1091590,0,0.0,0,0,0,0,0.0
9616862,0,0.0,0,0,0,0,0.0
9617231,0,0.0,0,0,0,0,0.0
9617255,0,0.0,0,0,0,0,0.0
9617906,0,0.0,0,0,0,0,0.0
9619817,0,0.0,0,0,0,0,0.0
9623705,0,0.0,0,0,0,0,0.0
9633268,0,0.0,0,0,0,0,0.0
9633625,0,0.0,0,0,0,0,0.0
9637720,0,0.0,0,0,0,0,0.0
9640142,0,0.0,0,0,0,0,0.0
9644016,0,0.0,0,0,0,0,0.0
9646533,0,0.0,0,0,0,0,0.0
9609798,0,0.0,0,0,0,0,0.0
9602898,0,0.0,0,0,0,0,0.0
9602083,0,0.0,0,0,0,0,0.0
9555847,0,0.0,0,0,0,0,0.0
9529383,0,0.0,0,0,0,0,0.0
9534858,0,0.0,0,0,0,0,0.0
9541091,0,0.0,0,0,0,0,0.0
9543842,0,0.0,0,0,0,0,0.0
1097632,0,0.0,0,0,0,0,0.0
9547147,0,0.0,0,0,0,0,0.0
9556011,0,0.0,0,0,0,0,0.0
9590161,0,0.0,0,0,0,0,0.0
9556372,0,0.0,0,0,0,0,0.0
9561343,0,0.0,0,0,0,0,0.0
1097090,0,0.0,0,0,0,0,0.0
9575505,0,0.0,0,0,0,0,0.0
9578217,0,0.0,0,0,0,0,0.0
9589779,0,0.0,0,0,0,0,0.0
1083915,0,0.0,0,0,0,0,0.0
9653763,0,0.0,0,0,0,0,0.0
9660561,0,0.0,0,0,0,0,0.0
9737624,0,0.0,0,0,0,0,0.0
9724735,0,0.0,0,0,0,0,0.0
9728256,0,0.0,0,0,0,0,0.0
9729059,0,0.0,0,0,0,0,0.0
9730817,0,0.0,0,0,0,0,0.0
9732593,0,0.0,0,0,0,0,0.0
9737246,0,0.0,0,0,0,0,0.0
9738539,0,0.0,0,0,0,0,0.0
9719703,0,0.0,0,0,0,0,0.0
9742229,0,0.0,0,0,0,0,0.0
9746444,0,0.0,0,0,0,0,0.0
9747392,0,0.0,0,0,0,0,0.0
1071511,0,0.0,0,0,0,0,0.0
1070281,0,0.0,0,0,0,0,0.0
9753024,0,0.0,0,0,0,0,0.0
9723597,0,0.0,0,0,0,0,0.0
9714702,0,0.0,0,0,0,0,0.0
9665456,0,0.0,0,0,0,0,0.0
9686922,0,0.0,0,0,0,0,0.0
9672782,0,0.0,0,0,0,0,0.0
9674334,0,0.0,0,0,0,0,0.0
9677396,0,0.0,0,0,0,0,0.0
9680324,0,0.0,0,0,0,0,0.0
9683195,0,0.0,0,0,0,0,0.0
9685676,0,0.0,0,0,0,0,0.0
9689824,0,0.0,0,0,0,0,0.0
9709852,0,0.0,0,0,0,0,0.0
1083353,0,0.0,0,0,0,0,0.0
9698409,0,0.0,0,0,0,0,0.0
9698958,0,0.0,0,0,0,0,0.0
9702806,0,0.0,0,0,0,0,0.0
9703940,0,0.0,0,0,0,0,0.0
1074137,0,0.0,0,0,0,0,0.0
9019666,0,0.0,0,0,0,0,0.0
9010653,0,0.0,0,0,0,0,0.0
8091164,0,0.0,0,0,0,0,0.0
1321192,0,0.0,0,0,0,0,0.0
8348751,0,0.0,0,0,0,0,0.0
8349474,0,0.0,0,0,0,0,0.0
8350527,0,0.0,0,0,0,0,0.0
8351885,0,0.0,0,0,0,0,0.0
8352375,0,0.0,0,0,0,0,0.0
8353500,0,0.0,0,0,0,0,0.0
8355924,0,0.0,0,0,0,0,0.0
8366473,0,0.0,0,0,0,0,0.0
8370966,0,0.0,0,0,0,0,0.0
8372209,0,0.0,0,0,0,0,0.0
8373119,0,0.0,0,0,0,0,0.0
8379291,0,0.0,0,0,0,0,0.0
8385224,0,0.0,0,0,0,0,0.0
8385358,0,0.0,0,0,0,0,0.0
8386951,0,0.0,0,0,0,0,0.0
1300658,0,0.0,0,0,0,0,0.0
1310438,0,0.0,0,0,0,0,0.0
8337074,0,0.0,0,0,0,0,0.0
1314069,0,0.0,0,0,0,0,0.0
1319016,0,0.0,0,0,0,0,0.0
8298944,0,0.0,0,0,0,0,0.0
8301565,0,0.0,0,0,0,0,0.0
8303398,0,0.0,0,0,0,0,0.0
8304335,0,0.0,0,0,0,0,0.0
1318859,0,0.0,0,0,0,0,0.0
8313709,0,0.0,0,0,0,0,0.0
8331664,0,0.0,0,0,0,0,0.0
8315670,0,0.0,0,0,0,0,0.0
8316677,0,0.0,0,0,0,0,0.0
8323198,0,0.0,0,0,0,0,0.0
1313506,0,0.0,0,0,0,0,0.0
1310863,0,0.0,0,0,0,0,0.0
8328365,0,0.0,0,0,0,0,0.0
8387999,0,0.0,0,0,0,0,0.0
8391560,0,0.0,0,0,0,0,0.0
1299557,0,0.0,0,0,0,0,0.0
8474916,0,0.0,0,0,0,0,0.0
8454305,0,0.0,0,0,0,0,0.0
8457132,0,0.0,0,0,0,0,0.0
8461649,0,0.0,0,0,0,0,0.0
1288701,0,0.0,0,0,0,0,0.0
1284794,0,0.0,0,0,0,0,0.0
8473797,0,0.0,0,0,0,0,0.0
8475634,0,0.0,0,0,0,0,0.0
1289050,0,0.0,0,0,0,0,0.0
8478809,0,0.0,0,0,0,0,0.0
8479399,0,0.0,0,0,0,0,0.0
8480847,0,0.0,0,0,0,0,0.0
8481569,0,0.0,0,0,0,0,0.0
8495999,0,0.0,0,0,0,0,0.0
8496714,0,0.0,0,0,0,0,0.0
8444367,0,0.0,0,0,0,0,0.0
1290042,0,0.0,0,0,0,0,0.0
1297946,0,0.0,0,0,0,0,0.0
8421728,0,0.0,0,0,0,0,0.0
8397048,0,0.0,0,0,0,0,0.0
8403995,0,0.0,0,0,0,0,0.0
8407695,0,0.0,0,0,0,0,0.0
8419388,0,0.0,0,0,0,0,0.0
8419766,0,0.0,0,0,0,0,0.0
8420038,0,0.0,0,0,0,0,0.0
8425702,0,0.0,0,0,0,0,0.0
8439203,0,0.0,0,0,0,0,0.0
8427725,0,0.0,0,0,0,0,0.0
8431662,0,0.0,0,0,0,0,0.0
8432407,0,0.0,0,0,0,0,0.0
8433384,0,0.0,0,0,0,0,0.0
8434168,0,0.0,0,0,0,0,0.0
1292471,0,0.0,0,0,0,0,0.0
8295387,0,0.0,0,0,0,0,0.0
8283057,0,0.0,0,0,0,0,0.0
8502351,0,0.0,0,0,0,0,0.0
8281516,0,0.0,0,0,0,0,0.0
1348811,0,0.0,0,0,0,0,0.0
8142534,0,0.0,0,0,0,0,0.0
1348727,0,0.0,0,0,0,0,0.0
8144207,0,0.0,0,0,0,0,0.0
8145268,0,0.0,0,0,0,0,0.0
8147172,0,0.0,0,0,0,0,0.0
8149510,0,0.0,0,0,0,0,0.0
8151996,0,0.0,0,0,0,0,0.0
8155254,0,0.0,0,0,0,0,0.0
8160308,0,0.0,0,0,0,0,0.0
8165350,0,0.0,0,0,0,0,0.0
8172298,0,0.0,0,0,0,0,0.0
8173118,0,0.0,0,0,0,0,0.0
8173695,0,0.0,0,0,0,0,0.0
8174814,0,0.0,0,0,0,0,0.0
8139437,0,0.0,0,0,0,0,0.0
8133599,0,0.0,0,0,0,0,0.0
8133362,0,0.0,0,0,0,0,0.0
8117039,0,0.0,0,0,0,0,0.0
8091387,0,0.0,0,0,0,0,0.0
8097430,0,0.0,0,0,0,0,0.0
8101503,0,0.0,0,0,0,0,0.0
1357380,0,0.0,0,0,0,0,0.0
8115671,0,0.0,0,0,0,0,0.0
8116885,0,0.0,0,0,0,0,0.0
8119367,0,0.0,0,0,0,0,0.0
8130905,0,0.0,0,0,0,0,0.0
8119482,0,0.0,0,0,0,0,0.0
8120653,0,0.0,0,0,0,0,0.0
8122087,0,0.0,0,0,0,0,0.0
8122113,0,0.0,0,0,0,0,0.0
1354811,0,0.0,0,0,0,0,0.0
8130882,0,0.0,0,0,0,0,0.0
8177594,0,0.0,0,0,0,0,0.0
8181520,0,0.0,0,0,0,0,0.0
8182326,0,0.0,0,0,0,0,0.0
1325464,0,0.0,0,0,0,0,0.0
8231921,0,0.0,0,0,0,0,0.0
8234499,0,0.0,0,0,0,0,0.0
1331339,0,0.0,0,0,0,0,0.0
1328297,0,0.0,0,0,0,0,0.0
1326812,0,0.0,0,0,0,0,0.0
8246192,0,0.0,0,0,0,0,0.0
8262288,0,0.0,0,0,0,0,0.0
8230014,0,0.0,0,0,0,0,0.0
8263727,0,0.0,0,0,0,0,0.0
1322829,0,0.0,0,0,0,0,0.0
8269868,0,0.0,0,0,0,0,0.0
8272722,0,0.0,0,0,0,0,0.0
8275031,0,0.0,0,0,0,0,0.0
8278582,0,0.0,0,0,0,0,0.0
8230489,0,0.0,0,0,0,0,0.0
8228765,0,0.0,0,0,0,0,0.0
1339565,0,0.0,0,0,0,0,0.0
1338154,0,0.0,0,0,0,0,0.0
8198980,0,0.0,0,0,0,0,0.0
1338225,0,0.0,0,0,0,0,0.0
8204706,0,0.0,0,0,0,0,0.0
8205291,0,0.0,0,0,0,0,0.0
8205705,0,0.0,0,0,0,0,0.0
8210970,0,0.0,0,0,0,0,0.0
8212369,0,0.0,0,0,0,0,0.0
8228280,0,0.0,0,0,0,0,0.0
8220613,0,0.0,0,0,0,0,0.0
6470696,0,0.0,0,0,0,0,0.0
1337262,0,0.0,0,0,0,0,0.0
1335125,0,0.0,0,0,0,0,0.0
8223016,0,0.0,0,0,0,0,0.0
8225169,0,0.0,0,0,0,0,0.0
1282534,0,0.0,0,0,0,0,0.0
8503146,0,0.0,0,0,0,0,0.0
1201898,0,0.0,0,0,0,0,0.0
8762193,0,0.0,0,0,0,0,0.0
8833769,0,0.0,0,0,0,0,0.0
8834919,0,0.0,0,0,0,0,0.0
8837466,0,0.0,0,0,0,0,0.0
8840431,0,0.0,0,0,0,0,0.0
8841254,0,0.0,0,0,0,0,0.0
8849628,0,0.0,0,0,0,0,0.0
8851394,0,0.0,0,0,0,0,0.0
1231967,0,0.0,0,0,0,0,0.0
8859961,0,0.0,0,0,0,0,0.0
8867549,0,0.0,0,0,0,0,0.0
8870004,0,0.0,0,0,0,0,0.0
8876485,0,0.0,0,0,0,0,0.0
8884546,0,0.0,0,0,0,0,0.0
8886394,0,0.0,0,0,0,0,0.0
8889300,0,0.0,0,0,0,0,0.0
8831558,0,0.0,0,0,0,0,0.0
1235209,0,0.0,0,0,0,0,0.0
8822679,0,0.0,0,0,0,0,0.0
8787376,0,0.0,0,0,0,0,0.0
8771267,0,0.0,0,0,0,0,0.0
8775030,0,0.0,0,0,0,0,0.0
1246459,0,0.0,0,0,0,0,0.0
8782888,0,0.0,0,0,0,0,0.0
8786407,0,0.0,0,0,0,0,0.0
8786888,0,0.0,0,0,0,0,0.0
1237892,0,0.0,0,0,0,0,0.0
1236161,0,0.0,0,0,0,0,0.0
8789515,0,0.0,0,0,0,0,0.0
8793597,0,0.0,0,0,0,0,0.0
8800250,0,0.0,0,0,0,0,0.0
8801496,0,0.0,0,0,0,0,0.0
8805495,0,0.0,0,0,0,0,0.0
8811283,0,0.0,0,0,0,0,0.0
1226579,0,0.0,0,0,0,0,0.0
1224210,0,0.0,0,0,0,0,0.0
8893024,0,0.0,0,0,0,0,0.0
8985732,0,0.0,0,0,0,0,0.0
8972575,0,0.0,0,0,0,0,0.0
1209022,0,0.0,0,0,0,0,0.0
8975533,0,0.0,0,0,0,0,0.0
8979935,0,0.0,0,0,0,0,0.0
8983836,0,0.0,0,0,0,0,0.0
8984656,0,0.0,0,0,0,0,0.0
8993245,0,0.0,0,0,0,0,0.0
8964907,0,0.0,0,0,0,0,0.0
8994785,0,0.0,0,0,0,0,0.0
8994903,0,0.0,0,0,0,0,0.0
9002192,0,0.0,0,0,0,0,0.0
9004534,0,0.0,0,0,0,0,0.0
9007737,0,0.0,0,0,0,0,0.0
9008377,0,0.0,0,0,0,0,0.0
1209988,0,0.0,0,0,0,0,0.0
8963174,0,0.0,0,0,0,0,0.0
8902114,0,0.0,0,0,0,0,0.0
8931039,0,0.0,0,0,0,0,0.0
1223313,0,0.0,0,0,0,0,0.0
1216862,0,0.0,0,0,0,0,0.0
8919679,0,0.0,0,0,0,0,0.0
8919805,0,0.0,0,0,0,0,0.0
1215340,0,0.0,0,0,0,0,0.0
1214962,0,0.0,0,0,0,0,0.0
8936908,0,0.0,0,0,0,0,0.0
8959040,0,0.0,0,0,0,0,0.0
8939387,0,0.0,0,0,0,0,0.0
8944473,0,0.0,0,0,0,0,0.0
1213227,0,0.0,0,0,0,0,0.0
8955038,0,0.0,0,0,0,0,0.0
8955102,0,0.0,0,0,0,0,0.0
8957588,0,0.0,0,0,0,0,0.0
8765888,0,0.0,0,0,0,0,0.0
8759982,0,0.0,0,0,0,0,0.0
8505253,0,0.0,0,0,0,0,0.0
8758994,0,0.0,0,0,0,0,0.0
8570989,0,0.0,0,0,0,0,0.0
8574237,0,0.0,0,0,0,0,0.0
1274228,0,0.0,0,0,0,0,0.0
8579909,0,0.0,0,0,0,0,0.0
1272777,0,0.0,0,0,0,0,0.0
8590559,0,0.0,0,0,0,0,0.0
1268324,0,0.0,0,0,0,0,0.0
8595040,0,0.0,0,0,0,0,0.0
8604046,0,0.0,0,0,0,0,0.0
8604303,0,0.0,0,0,0,0,0.0
8604735,0,0.0,0,0,0,0,0.0
8608870,0,0.0,0,0,0,0,0.0
8615725,0,0.0,0,0,0,0,0.0
8616347,0,0.0,0,0,0,0,0.0
8616563,0,0.0,0,0,0,0,0.0
8568533,0,0.0,0,0,0,0,0.0
8563022,0,0.0,0,0,0,0,0.0
8561107,0,0.0,0,0,0,0,0.0
8523277,0,0.0,0,0,0,0,0.0
1281036,0,0.0,0,0,0,0,0.0
8506549,0,0.0,0,0,0,0,0.0
1279709,0,0.0,0,0,0,0,0.0
8518705,0,0.0,0,0,0,0,0.0
8519424,0,0.0,0,0,0,0,0.0
1279011,0,0.0,0,0,0,0,0.0
8524406,0,0.0,0,0,0,0,0.0
8555100,0,0.0,0,0,0,0,0.0
8526323,0,0.0,0,0,0,0,0.0
8529072,0,0.0,0,0,0,0,0.0
8533831,0,0.0,0,0,0,0,0.0
8535374,0,0.0,0,0,0,0,0.0
8548402,0,0.0,0,0,0,0,0.0
8553214,0,0.0,0,0,0,0,0.0
8617067,0,0.0,0,0,0,0,0.0
8623605,0,0.0,0,0,0,0,0.0
8624129,0,0.0,0,0,0,0,0.0
8721101,0,0.0,0,0,0,0,0.0
1254984,0,0.0,0,0,0,0,0.0
8687880,0,0.0,0,0,0,0,0.0
8713886,0,0.0,0,0,0,0,0.0
8715922,0,0.0,0,0,0,0,0.0
8716088,0,0.0,0,0,0,0,0.0
8716252,0,0.0,0,0,0,0,0.0
8722107,0,0.0,0,0,0,0,0.0
8679222,0,0.0,0,0,0,0,0.0
1249540,0,0.0,0,0,0,0,0.0
8737503,0,0.0,0,0,0,0,0.0
8737983,0,0.0,0,0,0,0,0.0
8744277,0,0.0,0,0,0,0,0.0
1246655,0,0.0,0,0,0,0,0.0
8750242,0,0.0,0,0,0,0,0.0
8680151,0,0.0,0,0,0,0,0.0
8676139,0,0.0,0,0,0,0,0.0
1263288,0,0.0,0,0,0,0,0.0
8644650,0,0.0,0,0,0,0,0.0
8625789,0,0.0,0,0,0,0,0.0
8626650,0,0.0,0,0,0,0,0.0
1261649,0,0.0,0,0,0,0,0.0
8628804,0,0.0,0,0,0,0,0.0
8633915,0,0.0,0,0,0,0,0.0
8639849,0,0.0,0,0,0,0,0.0
8645884,0,0.0,0,0,0,0,0.0
8670925,0,0.0,0,0,0,0,0.0
8646268,0,0.0,0,0,0,0,0.0
8653632,0,0.0,0,0,0,0,0.0
8656203,0,0.0,0,0,0,0,0.0
8657535,0,0.0,0,0,0,0,0.0
8665288,0,0.0,0,0,0,0,0.0
8670729,0,0.0,0,0,0,0,0.0
6471186,0,0.0,0,0,0,0,0.0
6275524,0,0.0,0,0,0,0,0.0
1711857,0,0.0,0,0,0,0,0.0
3702762,0,0.0,0,0,0,0,0.0
3757624,0,0.0,0,0,0,0,0.0
3757882,0,0.0,0,0,0,0,0.0
3758075,0,0.0,0,0,0,0,0.0
3760645,0,0.0,0,0,0,0,0.0
3760765,0,0.0,0,0,0,0,0.0
2269762,0,0.0,0,0,0,0,0.0
3764023,0,0.0,0,0,0,0,0.0
3769332,0,0.0,0,0,0,0,0.0
3782827,0,0.0,0,0,0,0,0.0
2263219,0,0.0,0,0,0,0,0.0
3788388,0,0.0,0,0,0,0,0.0
2262164,0,0.0,0,0,0,0,0.0
3791726,0,0.0,0,0,0,0,0.0
3801222,0,0.0,0,0,0,0,0.0
3802173,0,0.0,0,0,0,0,0.0
3755752,0,0.0,0,0,0,0,0.0
3755099,0,0.0,0,0,0,0,0.0
3753316,0,0.0,0,0,0,0,0.0
2306353,0,0.0,0,0,0,0,0.0
3711173,0,0.0,0,0,0,0,0.0
3712542,0,0.0,0,0,0,0,0.0
3713547,0,0.0,0,0,0,0,0.0
3714058,0,0.0,0,0,0,0,0.0
3720200,0,0.0,0,0,0,0,0.0
2307075,0,0.0,0,0,0,0,0.0
2301198,0,0.0,0,0,0,0,0.0
3747554,0,0.0,0,0,0,0,0.0
2297679,0,0.0,0,0,0,0,0.0
2278580,0,0.0,0,0,0,0,0.0
2275982,0,0.0,0,0,0,0,0.0
3744689,0,0.0,0,0,0,0,0.0
2275400,0,0.0,0,0,0,0,0.0
2274421,0,0.0,0,0,0,0,0.0
3802387,0,0.0,0,0,0,0,0.0
2256889,0,0.0,0,0,0,0,0.0
3806454,0,0.0,0,0,0,0,0.0
3887922,0,0.0,0,0,0,0,0.0
3878671,0,0.0,0,0,0,0,0.0
3879201,0,0.0,0,0,0,0,0.0
3880534,0,0.0,0,0,0,0,0.0
2236901,0,0.0,0,0,0,0,0.0
3883999,0,0.0,0,0,0,0,0.0
3887454,0,0.0,0,0,0,0,0.0
3890220,0,0.0,0,0,0,0,0.0
2240307,0,0.0,0,0,0,0,0.0
3891312,0,0.0,0,0,0,0,0.0
2233026,0,0.0,0,0,0,0,0.0
3897295,0,0.0,0,0,0,0,0.0
3897718,0,0.0,0,0,0,0,0.0
3907452,0,0.0,0,0,0,0,0.0
3907737,0,0.0,0,0,0,0,0.0
3874060,0,0.0,0,0,0,0,0.0
2240590,0,0.0,0,0,0,0,0.0
3808331,0,0.0,0,0,0,0,0.0
2254949,0,0.0,0,0,0,0,0.0
2255349,0,0.0,0,0,0,0,0.0
3817808,0,0.0,0,0,0,0,0.0
3819860,0,0.0,0,0,0,0,0.0
3820639,0,0.0,0,0,0,0,0.0
3821992,0,0.0,0,0,0,0,0.0
2255232,0,0.0,0,0,0,0,0.0
3840297,0,0.0,0,0,0,0,0.0
3855419,0,0.0,0,0,0,0,0.0
3841991,0,0.0,0,0,0,0,0.0
2250865,0,0.0,0,0,0,0,0.0
3845277,0,0.0,0,0,0,0,0.0
3848969,0,0.0,0,0,0,0,0.0
2246736,0,0.0,0,0,0,0,0.0
3851049,0,0.0,0,0,0,0,0.0
3705092,0,0.0,0,0,0,0,0.0
2309190,0,0.0,0,0,0,0,0.0
3912080,0,0.0,0,0,0,0,0.0
2313530,0,0.0,0,0,0,0,0.0
3547891,0,0.0,0,0,0,0,0.0
3550771,0,0.0,0,0,0,0,0.0
3551241,0,0.0,0,0,0,0,0.0
3554424,0,0.0,0,0,0,0,0.0
3557316,0,0.0,0,0,0,0,0.0
3558995,0,0.0,0,0,0,0,0.0
3563621,0,0.0,0,0,0,0,0.0
2350812,0,0.0,0,0,0,0,0.0
3572491,0,0.0,0,0,0,0,0.0
3573940,0,0.0,0,0,0,0,0.0
3576176,0,0.0,0,0,0,0,0.0
3577864,0,0.0,0,0,0,0,0.0
3586745,0,0.0,0,0,0,0,0.0
2343268,0,0.0,0,0,0,0,0.0
3589328,0,0.0,0,0,0,0,0.0
3545523,0,0.0,0,0,0,0,0.0
3533190,0,0.0,0,0,0,0,0.0
3532563,0,0.0,0,0,0,0,0.0
3493583,0,0.0,0,0,0,0,0.0
3481785,0,0.0,0,0,0,0,0.0
3482324,0,0.0,0,0,0,0,0.0
3483012,0,0.0,0,0,0,0,0.0
3488805,0,0.0,0,0,0,0,0.0
3489889,0,0.0,0,0,0,0,0.0
3491322,0,0.0,0,0,0,0,0.0
3499191,0,0.0,0,0,0,0,0.0
3530292,0,0.0,0,0,0,0,0.0
3507105,0,0.0,0,0,0,0,0.0
3508958,0,0.0,0,0,0,0,0.0
3509744,0,0.0,0,0,0,0,0.0
3512307,0,0.0,0,0,0,0,0.0
2351624,0,0.0,0,0,0,0,0.0
3523310,0,0.0,0,0,0,0,0.0
3590034,0,0.0,0,0,0,0,0.0
3592881,0,0.0,0,0,0,0,0.0
3593021,0,0.0,0,0,0,0,0.0
2327711,0,0.0,0,0,0,0,0.0
3647452,0,0.0,0,0,0,0,0.0
3656121,0,0.0,0,0,0,0,0.0
3663030,0,0.0,0,0,0,0,0.0
3667817,0,0.0,0,0,0,0,0.0
3670432,0,0.0,0,0,0,0,0.0
3672722,0,0.0,0,0,0,0,0.0
3681521,0,0.0,0,0,0,0,0.0
3638792,0,0.0,0,0,0,0,0.0
3684437,0,0.0,0,0,0,0,0.0
2325092,0,0.0,0,0,0,0,0.0
3690990,0,0.0,0,0,0,0,0.0
3692325,0,0.0,0,0,0,0,0.0
3692442,0,0.0,0,0,0,0,0.0
3693140,0,0.0,0,0,0,0,0.0
3643098,0,0.0,0,0,0,0,0.0
2333289,0,0.0,0,0,0,0,0.0
3595311,0,0.0,0,0,0,0,0.0
3606211,0,0.0,0,0,0,0,0.0
2333473,0,0.0,0,0,0,0,0.0
3596132,0,0.0,0,0,0,0,0.0
3600188,0,0.0,0,0,0,0,0.0
3602528,0,0.0,0,0,0,0,0.0
3603684,0,0.0,0,0,0,0,0.0
3605082,0,0.0,0,0,0,0,0.0
2333339,0,0.0,0,0,0,0,0.0
3623568,0,0.0,0,0,0,0,0.0
3607789,0,0.0,0,0,0,0,0.0
3608166,0,0.0,0,0,0,0,0.0
3608668,0,0.0,0,0,0,0,0.0
3618095,0,0.0,0,0,0,0,0.0
3618593,0,0.0,0,0,0,0,0.0
3621831,0,0.0,0,0,0,0,0.0
3908898,0,0.0,0,0,0,0,0.0
3915109,0,0.0,0,0,0,0,0.0
4449032,0,0.0,0,0,0,0,0.0
4147895,0,0.0,0,0,0,0,0.0
4246738,0,0.0,0,0,0,0,0.0
4258028,0,0.0,0,0,0,0,0.0
4269301,0,0.0,0,0,0,0,0.0
4271351,0,0.0,0,0,0,0,0.0
2164895,0,0.0,0,0,0,0,0.0
4277220,0,0.0,0,0,0,0,0.0
4278044,0,0.0,0,0,0,0,0.0
4282768,0,0.0,0,0,0,0,0.0
4283100,0,0.0,0,0,0,0,0.0
4287421,0,0.0,0,0,0,0,0.0
2164340,0,0.0,0,0,0,0,0.0
4299881,0,0.0,0,0,0,0,0.0
4301909,0,0.0,0,0,0,0,0.0
4302444,0,0.0,0,0,0,0,0.0
4305897,0,0.0,0,0,0,0,0.0
4236076,0,0.0,0,0,0,0,0.0
4227072,0,0.0,0,0,0,0,0.0
2184527,0,0.0,0,0,0,0,0.0
4194454,0,0.0,0,0,0,0,0.0
4169883,0,0.0,0,0,0,0,0.0
4170418,0,0.0,0,0,0,0,0.0
4181342,0,0.0,0,0,0,0,0.0
4183513,0,0.0,0,0,0,0,0.0
4189085,0,0.0,0,0,0,0,0.0
4192781,0,0.0,0,0,0,0,0.0
2194259,0,0.0,0,0,0,0,0.0
4226585,0,0.0,0,0,0,0,0.0
4200100,0,0.0,0,0,0,0,0.0
2194061,0,0.0,0,0,0,0,0.0
4209165,0,0.0,0,0,0,0,0.0
4211347,0,0.0,0,0,0,0,0.0
4222005,0,0.0,0,0,0,0,0.0
4226206,0,0.0,0,0,0,0,0.0
4311533,0,0.0,0,0,0,0,0.0
4312831,0,0.0,0,0,0,0,0.0
2164205,0,0.0,0,0,0,0,0.0
4407360,0,0.0,0,0,0,0,0.0
4389683,0,0.0,0,0,0,0,0.0
4390990,0,0.0,0,0,0,0,0.0
4391455,0,0.0,0,0,0,0,0.0
4397118,0,0.0,0,0,0,0,0.0
4402931,0,0.0,0,0,0,0,0.0
4403828,0,0.0,0,0,0,0,0.0
4411090,0,0.0,0,0,0,0,0.0
4382302,0,0.0,0,0,0,0,0.0
4417843,0,0.0,0,0,0,0,0.0
4421930,0,0.0,0,0,0,0,0.0
4424660,0,0.0,0,0,0,0,0.0
4424661,0,0.0,0,0,0,0,0.0
4441638,0,0.0,0,0,0,0,0.0
2151506,0,0.0,0,0,0,0,0.0
4387021,0,0.0,0,0,0,0,0.0
4374300,0,0.0,0,0,0,0,0.0
4316201,0,0.0,0,0,0,0,0.0
4340016,0,0.0,0,0,0,0,0.0
4319810,0,0.0,0,0,0,0,0.0
4320666,0,0.0,0,0,0,0,0.0
4320866,0,0.0,0,0,0,0,0.0
4329283,0,0.0,0,0,0,0,0.0
4334223,0,0.0,0,0,0,0,0.0
4336266,0,0.0,0,0,0,0,0.0
4343234,0,0.0,0,0,0,0,0.0
4373523,0,0.0,0,0,0,0,0.0
4346768,0,0.0,0,0,0,0,0.0
4346774,0,0.0,0,0,0,0,0.0
4352677,0,0.0,0,0,0,0,0.0
4353331,0,0.0,0,0,0,0,0.0
4355691,0,0.0,0,0,0,0,0.0
4360681,0,0.0,0,0,0,0,0.0
4164207,0,0.0,0,0,0,0,0.0
4144772,0,0.0,0,0,0,0,0.0
3917499,0,0.0,0,0,0,0,0.0
4144202,0,0.0,0,0,0,0,0.0
3970614,0,0.0,0,0,0,0,0.0
3974015,0,0.0,0,0,0,0,0.0
3974272,0,0.0,0,0,0,0,0.0
3976692,0,0.0,0,0,0,0,0.0
3985881,0,0.0,0,0,0,0,0.0
3986963,0,0.0,0,0,0,0,0.0
3992582,0,0.0,0,0,0,0,0.0
3997514,0,0.0,0,0,0,0,0.0
4000789,0,0.0,0,0,0,0,0.0
4003772,0,0.0,0,0,0,0,0.0
4009299,0,0.0,0,0,0,0,0.0
4011165,0,0.0,0,0,0,0,0.0
2210528,0,0.0,0,0,0,0,0.0
4017252,0,0.0,0,0,0,0,0.0
4022538,0,0.0,0,0,0,0,0.0
3969855,0,0.0,0,0,0,0,0.0
2222497,0,0.0,0,0,0,0,0.0
3969817,0,0.0,0,0,0,0,0.0
3931322,0,0.0,0,0,0,0,0.0
2230654,0,0.0,0,0,0,0,0.0
3920842,0,0.0,0,0,0,0,0.0
3923509,0,0.0,0,0,0,0,0.0
2230600,0,0.0,0,0,0,0,0.0
2229586,0,0.0,0,0,0,0,0.0
3926378,0,0.0,0,0,0,0,0.0
3933533,0,0.0,0,0,0,0,0.0
3967640,0,0.0,0,0,0,0,0.0
3934758,0,0.0,0,0,0,0,0.0
3939150,0,0.0,0,0,0,0,0.0
3942384,0,0.0,0,0,0,0,0.0
3946783,0,0.0,0,0,0,0,0.0
3955054,0,0.0,0,0,0,0,0.0
3960263,0,0.0,0,0,0,0,0.0
4022923,0,0.0,0,0,0,0,0.0
4023262,0,0.0,0,0,0,0,0.0
2208498,0,0.0,0,0,0,0,0.0
4127378,0,0.0,0,0,0,0,0.0
2202906,0,0.0,0,0,0,0,0.0
4108800,0,0.0,0,0,0,0,0.0
4112488,0,0.0,0,0,0,0,0.0
2200015,0,0.0,0,0,0,0,0.0
4119930,0,0.0,0,0,0,0,0.0
4123192,0,0.0,0,0,0,0,0.0
4127861,0,0.0,0,0,0,0,0.0
4090716,0,0.0,0,0,0,0,0.0
4127995,0,0.0,0,0,0,0,0.0
4128521,0,0.0,0,0,0,0,0.0
4131304,0,0.0,0,0,0,0,0.0
4137673,0,0.0,0,0,0,0,0.0
2197125,0,0.0,0,0,0,0,0.0
4143544,0,0.0,0,0,0,0,0.0
4104576,0,0.0,0,0,0,0,0.0
4082464,0,0.0,0,0,0,0,0.0
4026091,0,0.0,0,0,0,0,0.0
4050676,0,0.0,0,0,0,0,0.0
4030435,0,0.0,0,0,0,0,0.0
4030736,0,0.0,0,0,0,0,0.0
4035478,0,0.0,0,0,0,0,0.0
4035547,0,0.0,0,0,0,0,0.0
2207672,0,0.0,0,0,0,0,0.0
4046796,0,0.0,0,0,0,0,0.0
2206881,0,0.0,0,0,0,0,0.0
4081655,0,0.0,0,0,0,0,0.0
4064791,0,0.0,0,0,0,0,0.0
4065919,0,0.0,0,0,0,0,0.0
2204880,0,0.0,0,0,0,0,0.0
4074999,0,0.0,0,0,0,0,0.0
4075083,0,0.0,0,0,0,0,0.0
4075954,0,0.0,0,0,0,0,0.0
2351697,0,0.0,0,0,0,0,0.0
3479467,0,0.0,0,0,0,0,0.0
3474493,0,0.0,0,0,0,0,0.0
2832359,0,0.0,0,0,0,0,0.0
2892601,0,0.0,0,0,0,0,0.0
2895863,0,0.0,0,0,0,0,0.0
2896297,0,0.0,0,0,0,0,0.0
2901449,0,0.0,0,0,0,0,0.0
2904146,0,0.0,0,0,0,0,0.0
2908126,0,0.0,0,0,0,0,0.0
2909885,0,0.0,0,0,0,0,0.0
2915234,0,0.0,0,0,0,0,0.0
2915837,0,0.0,0,0,0,0,0.0
2916261,0,0.0,0,0,0,0,0.0
2521806,0,0.0,0,0,0,0,0.0
2917314,0,0.0,0,0,0,0,0.0
2919132,0,0.0,0,0,0,0,0.0
2919872,0,0.0,0,0,0,0,0.0
2924723,0,0.0,0,0,0,0,0.0
2889252,0,0.0,0,0,0,0,0.0
2527623,0,0.0,0,0,0,0,0.0
2883740,0,0.0,0,0,0,0,0.0
2858379,0,0.0,0,0,0,0,0.0
2836762,0,0.0,0,0,0,0,0.0
2533305,0,0.0,0,0,0,0,0.0
2839162,0,0.0,0,0,0,0,0.0
2846910,0,0.0,0,0,0,0,0.0
2852160,0,0.0,0,0,0,0,0.0
2853700,0,0.0,0,0,0,0,0.0
2528795,0,0.0,0,0,0,0,0.0
2881660,0,0.0,0,0,0,0,0.0
2861772,0,0.0,0,0,0,0,0.0
2863623,0,0.0,0,0,0,0,0.0
2876446,0,0.0,0,0,0,0,0.0
2879682,0,0.0,0,0,0,0,0.0
2881231,0,0.0,0,0,0,0,0.0
2881569,0,0.0,0,0,0,0,0.0
2927685,0,0.0,0,0,0,0,0.0
2927760,0,0.0,0,0,0,0,0.0
2927877,0,0.0,0,0,0,0,0.0
2998185,0,0.0,0,0,0,0,0.0
2981992,0,0.0,0,0,0,0,0.0
2988291,0,0.0,0,0,0,0,0.0
2989254,0,0.0,0,0,0,0,0.0
2990242,0,0.0,0,0,0,0,0.0
2992596,0,0.0,0,0,0,0,0.0
2489985,0,0.0,0,0,0,0,0.0
3002757,0,0.0,0,0,0,0,0.0
2977016,0,0.0,0,0,0,0,0.0
3005343,0,0.0,0,0,0,0,0.0
2489611,0,0.0,0,0,0,0,0.0
3008210,0,0.0,0,0,0,0,0.0
3009582,0,0.0,0,0,0,0,0.0
3010258,0,0.0,0,0,0,0,0.0
3013075,0,0.0,0,0,0,0,0.0
2499328,0,0.0,0,0,0,0,0.0
2976460,0,0.0,0,0,0,0,0.0
2506505,0,0.0,0,0,0,0,0.0
2945102,0,0.0,0,0,0,0,0.0
2935735,0,0.0,0,0,0,0,0.0
2504720,0,0.0,0,0,0,0,0.0
2938032,0,0.0,0,0,0,0,0.0
2938263,0,0.0,0,0,0,0,0.0
2939299,0,0.0,0,0,0,0,0.0
2942003,0,0.0,0,0,0,0,0.0
2945305,0,0.0,0,0,0,0,0.0
2976229,0,0.0,0,0,0,0,0.0
2947060,0,0.0,0,0,0,0,0.0
2947672,0,0.0,0,0,0,0,0.0
2957964,0,0.0,0,0,0,0,0.0
2961753,0,0.0,0,0,0,0,0.0
2967750,0,0.0,0,0,0,0,0.0
2968896,0,0.0,0,0,0,0,0.0
2834311,0,0.0,0,0,0,0,0.0
2828621,0,0.0,0,0,0,0,0.0
3468632,0,0.0,0,0,0,0,0.0
2827374,0,0.0,0,0,0,0,0.0
2639003,0,0.0,0,0,0,0,0.0
2639147,0,0.0,0,0,0,0,0.0
2641495,0,0.0,0,0,0,0,0.0
2643416,0,0.0,0,0,0,0,0.0
2651803,0,0.0,0,0,0,0,0.0
2651835,0,0.0,0,0,0,0,0.0
2659833,0,0.0,0,0,0,0,0.0
2660867,0,0.0,0,0,0,0,0.0
2660890,0,0.0,0,0,0,0,0.0
2565590,0,0.0,0,0,0,0,0.0
2662859,0,0.0,0,0,0,0,0.0
2564241,0,0.0,0,0,0,0,0.0
2666699,0,0.0,0,0,0,0,0.0
2666792,0,0.0,0,0,0,0,0.0
2560046,0,0.0,0,0,0,0,0.0
2638581,0,0.0,0,0,0,0,0.0
2575748,0,0.0,0,0,0,0,0.0
2632113,0,0.0,0,0,0,0,0.0
2576868,0,0.0,0,0,0,0,0.0
2579410,0,0.0,0,0,0,0,0.0
2577636,0,0.0,0,0,0,0,0.0
2592900,0,0.0,0,0,0,0,0.0
2593071,0,0.0,0,0,0,0,0.0
2597187,0,0.0,0,0,0,0,0.0
2600736,0,0.0,0,0,0,0,0.0
2608210,0,0.0,0,0,0,0,0.0
2576401,0,0.0,0,0,0,0,0.0
2612239,0,0.0,0,0,0,0,0.0
2617670,0,0.0,0,0,0,0,0.0
2622095,0,0.0,0,0,0,0,0.0
2623532,0,0.0,0,0,0,0,0.0
2625158,0,0.0,0,0,0,0,0.0
2626896,0,0.0,0,0,0,0,0.0
2671594,0,0.0,0,0,0,0,0.0
2674750,0,0.0,0,0,0,0,0.0
2552914,0,0.0,0,0,0,0,0.0
2794536,0,0.0,0,0,0,0,0.0
2539133,0,0.0,0,0,0,0,0.0
2781589,0,0.0,0,0,0,0,0.0
2782371,0,0.0,0,0,0,0,0.0
2784531,0,0.0,0,0,0,0,0.0
2534711,0,0.0,0,0,0,0,0.0
2793118,0,0.0,0,0,0,0,0.0
2796252,0,0.0,0,0,0,0,0.0
2761224,0,0.0,0,0,0,0,0.0
2802442,0,0.0,0,0,0,0,0.0
2803951,0,0.0,0,0,0,0,0.0
2807153,0,0.0,0,0,0,0,0.0
2810025,0,0.0,0,0,0,0,0.0
2818086,0,0.0,0,0,0,0,0.0
2821835,0,0.0,0,0,0,0,0.0
2769654,0,0.0,0,0,0,0,0.0
2750439,0,0.0,0,0,0,0,0.0
2681449,0,0.0,0,0,0,0,0.0
2726137,0,0.0,0,0,0,0,0.0
2681522,0,0.0,0,0,0,0,0.0
2693608,0,0.0,0,0,0,0,0.0
2696002,0,0.0,0,0,0,0,0.0
2698953,0,0.0,0,0,0,0,0.0
2707472,0,0.0,0,0,0,0,0.0
2710925,0,0.0,0,0,0,0,0.0
2726923,0,0.0,0,0,0,0,0.0
2747160,0,0.0,0,0,0,0,0.0
2728047,0,0.0,0,0,0,0,0.0
2728517,0,0.0,0,0,0,0,0.0
2549972,0,0.0,0,0,0,0,0.0
2737371,0,0.0,0,0,0,0,0.0
2738536,0,0.0,0,0,0,0,0.0
2544764,0,0.0,0,0,0,0,0.0
3014521,0,0.0,0,0,0,0,0.0
3014556,0,0.0,0,0,0,0,0.0
3015954,0,0.0,0,0,0,0,0.0
2476400,0,0.0,0,0,0,0,0.0
3310507,0,0.0,0,0,0,0,0.0
3315941,0,0.0,0,0,0,0,0.0
3317770,0,0.0,0,0,0,0,0.0
2393165,0,0.0,0,0,0,0,0.0
3327828,0,0.0,0,0,0,0,0.0
3330291,0,0.0,0,0,0,0,0.0
3339838,0,0.0,0,0,0,0,0.0
3340456,0,0.0,0,0,0,0,0.0
2382929,0,0.0,0,0,0,0,0.0
3342062,0,0.0,0,0,0,0,0.0
3343211,0,0.0,0,0,0,0,0.0
3343231,0,0.0,0,0,0,0,0.0
3344533,0,0.0,0,0,0,0,0.0
3344697,0,0.0,0,0,0,0,0.0
3345058,0,0.0,0,0,0,0,0.0
3304720,0,0.0,0,0,0,0,0.0
3303827,0,0.0,0,0,0,0,0.0
3301128,0,0.0,0,0,0,0,0.0
3274320,0,0.0,0,0,0,0,0.0
3256414,0,0.0,0,0,0,0,0.0
3259237,0,0.0,0,0,0,0,0.0
2425254,0,0.0,0,0,0,0,0.0
3270524,0,0.0,0,0,0,0,0.0
3272194,0,0.0,0,0,0,0,0.0
3272679,0,0.0,0,0,0,0,0.0
2419106,0,0.0,0,0,0,0,0.0
3301069,0,0.0,0,0,0,0,0.0
3282719,0,0.0,0,0,0,0,0.0
3283676,0,0.0,0,0,0,0,0.0
2403031,0,0.0,0,0,0,0,0.0
2397915,0,0.0,0,0,0,0,0.0
3295569,0,0.0,0,0,0,0,0.0
2394911,0,0.0,0,0,0,0,0.0
3350782,0,0.0,0,0,0,0,0.0
3351997,0,0.0,0,0,0,0,0.0
3357274,0,0.0,0,0,0,0,0.0
3428516,0,0.0,0,0,0,0,0.0
3416095,0,0.0,0,0,0,0,0.0
3421979,0,0.0,0,0,0,0,0.0
3423847,0,0.0,0,0,0,0,0.0
3426533,0,0.0,0,0,0,0,0.0
3427597,0,0.0,0,0,0,0,0.0
2367266,0,0.0,0,0,0,0,0.0
3435498,0,0.0,0,0,0,0,0.0
2374960,0,0.0,0,0,0,0,0.0
2358442,0,0.0,0,0,0,0,0.0
3444727,0,0.0,0,0,0,0,0.0
3446560,0,0.0,0,0,0,0,0.0
3454402,0,0.0,0,0,0,0,0.0
3461483,0,0.0,0,0,0,0,0.0
2354093,0,0.0,0,0,0,0,0.0
2372680,0,0.0,0,0,0,0,0.0
3410653,0,0.0,0,0,0,0,0.0
3362448,0,0.0,0,0,0,0,0.0
3375206,0,0.0,0,0,0,0,0.0
3363221,0,0.0,0,0,0,0,0.0
3365087,0,0.0,0,0,0,0,0.0
3369110,0,0.0,0,0,0,0,0.0
3370249,0,0.0,0,0,0,0,0.0
3372177,0,0.0,0,0,0,0,0.0
3374606,0,0.0,0,0,0,0,0.0
3377158,0,0.0,0,0,0,0,0.0
3409372,0,0.0,0,0,0,0,0.0
3378819,0,0.0,0,0,0,0,0.0
3382090,0,0.0,0,0,0,0,0.0
3383956,0,0.0,0,0,0,0,0.0
3385469,0,0.0,0,0,0,0,0.0
3394171,0,0.0,0,0,0,0,0.0
2378582,0,0.0,0,0,0,0,0.0
3248152,0,0.0,0,0,0,0,0.0
3247347,0,0.0,0,0,0,0,0.0
3242554,0,0.0,0,0,0,0,0.0
2459876,0,0.0,0,0,0,0,0.0
2465534,0,0.0,0,0,0,0,0.0
3060168,0,0.0,0,0,0,0,0.0
2462188,0,0.0,0,0,0,0,0.0
3070565,0,0.0,0,0,0,0,0.0
3070748,0,0.0,0,0,0,0,0.0
3077302,0,0.0,0,0,0,0,0.0
3107251,0,0.0,0,0,0,0,0.0
2465751,0,0.0,0,0,0,0,0.0
3110941,0,0.0,0,0,0,0,0.0
3121819,0,0.0,0,0,0,0,0.0
3121844,0,0.0,0,0,0,0,0.0
3124511,0,0.0,0,0,0,0,0.0
3130175,0,0.0,0,0,0,0,0.0
3133082,0,0.0,0,0,0,0,0.0
3056096,0,0.0,0,0,0,0,0.0
2468181,0,0.0,0,0,0,0,0.0
3136750,0,0.0,0,0,0,0,0.0
2473076,0,0.0,0,0,0,0,0.0
3018911,0,0.0,0,0,0,0,0.0
3019249,0,0.0,0,0,0,0,0.0
3025088,0,0.0,0,0,0,0,0.0
3028754,0,0.0,0,0,0,0,0.0
3030799,0,0.0,0,0,0,0,0.0
3035403,0,0.0,0,0,0,0,0.0
3038243,0,0.0,0,0,0,0,0.0
3051670,0,0.0,0,0,0,0,0.0
3041830,0,0.0,0,0,0,0,0.0
2468722,0,0.0,0,0,0,0,0.0
3046951,0,0.0,0,0,0,0,0.0
3047205,0,0.0,0,0,0,0,0.0
3047285,0,0.0,0,0,0,0,0.0
3049704,0,0.0,0,0,0,0,0.0
3134124,0,0.0,0,0,0,0,0.0
3143136,0,0.0,0,0,0,0,0.0
2441050,0,0.0,0,0,0,0,0.0
3224737,0,0.0,0,0,0,0,0.0
3214631,0,0.0,0,0,0,0,0.0
3215604,0,0.0,0,0,0,0,0.0
3215934,0,0.0,0,0,0,0,0.0
3218298,0,0.0,0,0,0,0,0.0
3221168,0,0.0,0,0,0,0,0.0
3224169,0,0.0,0,0,0,0,0.0
3227665,0,0.0,0,0,0,0,0.0
2451671,0,0.0,0,0,0,0,0.0
2449940,0,0.0,0,0,0,0,0.0
3230581,0,0.0,0,0,0,0,0.0
2445255,0,0.0,0,0,0,0,0.0
3236144,0,0.0,0,0,0,0,0.0
2444500,0,0.0,0,0,0,0,0.0
2441452,0,0.0,0,0,0,0,0.0
3203409,0,0.0,0,0,0,0,0.0
3196579,0,0.0,0,0,0,0,0.0
3147640,0,0.0,0,0,0,0,0.0
2459634,0,0.0,0,0,0,0,0.0
3147848,0,0.0,0,0,0,0,0.0
3150281,0,0.0,0,0,0,0,0.0
3154352,0,0.0,0,0,0,0,0.0
3158040,0,0.0,0,0,0,0,0.0
3158674,0,0.0,0,0,0,0,0.0
3160307,0,0.0,0,0,0,0,0.0
3161938,0,0.0,0,0,0,0,0.0
3193845,0,0.0,0,0,0,0,0.0
3163716,0,0.0,0,0,0,0,0.0
3167856,0,0.0,0,0,0,0,0.0
3168858,0,0.0,0,0,0,0,0.0
3179961,0,0.0,0,0,0,0,0.0
3190895,0,0.0,0,0,0,0,0.0
3192215,0,0.0,0,0,0,0,0.0
2149607,0,0.0,0,0,0,0,0.0
4450667,0,0.0,0,0,0,0,0.0
6461751,0,0.0,0,0,0,0,0.0
5741559,0,0.0,0,0,0,0,0.0
5800174,0,0.0,0,0,0,0,0.0
5803266,0,0.0,0,0,0,0,0.0
5814305,0,0.0,0,0,0,0,0.0
1871826,0,0.0,0,0,0,0,0.0
5821731,0,0.0,0,0,0,0,0.0
5822520,0,0.0,0,0,0,0,0.0
5823773,0,0.0,0,0,0,0,0.0
5826498,0,0.0,0,0,0,0,0.0
5826913,0,0.0,0,0,0,0,0.0
5826956,0,0.0,0,0,0,0,0.0
5838887,0,0.0,0,0,0,0,0.0
1869516,0,0.0,0,0,0,0,0.0
5849640,0,0.0,0,0,0,0,0.0
5855271,0,0.0,0,0,0,0,0.0
5856235,0,0.0,0,0,0,0,0.0
5795584,0,0.0,0,0,0,0,0.0
5793561,0,0.0,0,0,0,0,0.0
5788522,0,0.0,0,0,0,0,0.0
5763346,0,0.0,0,0,0,0,0.0
5746061,0,0.0,0,0,0,0,0.0
5746540,0,0.0,0,0,0,0,0.0
5748678,0,0.0,0,0,0,0,0.0
5748715,0,0.0,0,0,0,0,0.0
1887435,0,0.0,0,0,0,0,0.0
5759983,0,0.0,0,0,0,0,0.0
1884009,0,0.0,0,0,0,0,0.0
5785695,0,0.0,0,0,0,0,0.0
5766268,0,0.0,0,0,0,0,0.0
5767547,0,0.0,0,0,0,0,0.0
5777758,0,0.0,0,0,0,0,0.0
5777833,0,0.0,0,0,0,0,0.0
1880404,0,0.0,0,0,0,0,0.0
5782008,0,0.0,0,0,0,0,0.0
5857419,0,0.0,0,0,0,0,0.0
5860006,0,0.0,0,0,0,0,0.0
1863531,0,0.0,0,0,0,0,0.0
1838515,0,0.0,0,0,0,0,0.0
5907185,0,0.0,0,0,0,0,0.0
1845897,0,0.0,0,0,0,0,0.0
5912415,0,0.0,0,0,0,0,0.0
5913680,0,0.0,0,0,0,0,0.0
5917181,0,0.0,0,0,0,0,0.0
5921146,0,0.0,0,0,0,0,0.0
1838227,0,0.0,0,0,0,0,0.0
5905696,0,0.0,0,0,0,0,0.0
5932425,0,0.0,0,0,0,0,0.0
5944528,0,0.0,0,0,0,0,0.0
5945886,0,0.0,0,0,0,0,0.0
5945935,0,0.0,0,0,0,0,0.0
5947468,0,0.0,0,0,0,0,0.0
5948501,0,0.0,0,0,0,0,0.0
5906682,0,0.0,0,0,0,0,0.0
5905193,0,0.0,0,0,0,0,0.0
1853186,0,0.0,0,0,0,0,0.0
5886475,0,0.0,0,0,0,0,0.0
5869373,0,0.0,0,0,0,0,0.0
5873490,0,0.0,0,0,0,0,0.0
5881963,0,0.0,0,0,0,0,0.0
5883803,0,0.0,0,0,0,0,0.0
5883981,0,0.0,0,0,0,0,0.0
1851576,0,0.0,0,0,0,0,0.0
5888128,0,0.0,0,0,0,0,0.0
1846570,0,0.0,0,0,0,0,0.0
5888534,0,0.0,0,0,0,0,0.0
5889971,0,0.0,0,0,0,0,0.0
1848568,0,0.0,0,0,0,0,0.0
5896629,0,0.0,0,0,0,0,0.0
5896907,0,0.0,0,0,0,0,0.0
5902142,0,0.0,0,0,0,0,0.0
5744665,0,0.0,0,0,0,0,0.0
5738008,0,0.0,0,0,0,0,0.0
5952592,0,0.0,0,0,0,0,0.0
5737427,0,0.0,0,0,0,0,0.0
5550638,0,0.0,0,0,0,0,0.0
5559508,0,0.0,0,0,0,0,0.0
5563211,0,0.0,0,0,0,0,0.0
1922936,0,0.0,0,0,0,0,0.0
5570968,0,0.0,0,0,0,0,0.0
5571667,0,0.0,0,0,0,0,0.0
5574964,0,0.0,0,0,0,0,0.0
1921843,0,0.0,0,0,0,0,0.0
5592574,0,0.0,0,0,0,0,0.0
5594594,0,0.0,0,0,0,0,0.0
5606393,0,0.0,0,0,0,0,0.0
5612676,0,0.0,0,0,0,0,0.0
1918126,0,0.0,0,0,0,0,0.0
5614292,0,0.0,0,0,0,0,0.0
5615246,0,0.0,0,0,0,0,0.0
1925374,0,0.0,0,0,0,0,0.0
5546054,0,0.0,0,0,0,0,0.0
5540837,0,0.0,0,0,0,0,0.0
5525554,0,0.0,0,0,0,0,0.0
5504444,0,0.0,0,0,0,0,0.0
1937978,0,0.0,0,0,0,0,0.0
5506679,0,0.0,0,0,0,0,0.0
1929715,0,0.0,0,0,0,0,0.0
5523469,0,0.0,0,0,0,0,0.0
1925951,0,0.0,0,0,0,0,0.0
5525732,0,0.0,0,0,0,0,0.0
5539616,0,0.0,0,0,0,0,0.0
5528162,0,0.0,0,0,0,0,0.0
5529203,0,0.0,0,0,0,0,0.0
5529668,0,0.0,0,0,0,0,0.0
5529702,0,0.0,0,0,0,0,0.0
5532584,0,0.0,0,0,0,0,0.0
5533146,0,0.0,0,0,0,0,0.0
5617842,0,0.0,0,0,0,0,0.0
5619664,0,0.0,0,0,0,0,0.0
5622354,0,0.0,0,0,0,0,0.0
5705912,0,0.0,0,0,0,0,0.0
5692386,0,0.0,0,0,0,0,0.0
5693433,0,0.0,0,0,0,0,0.0
1906127,0,0.0,0,0,0,0,0.0
1905027,0,0.0,0,0,0,0,0.0
1901601,0,0.0,0,0,0,0,0.0
1900867,0,0.0,0,0,0,0,0.0
5707897,0,0.0,0,0,0,0,0.0
5690434,0,0.0,0,0,0,0,0.0
5709561,0,0.0,0,0,0,0,0.0
5709900,0,0.0,0,0,0,0,0.0
5717676,0,0.0,0,0,0,0,0.0
1896461,0,0.0,0,0,0,0,0.0
5730195,0,0.0,0,0,0,0,0.0
1895576,0,0.0,0,0,0,0,0.0
5691727,0,0.0,0,0,0,0,0.0
1907070,0,0.0,0,0,0,0,0.0
5630006,0,0.0,0,0,0,0,0.0
1907417,0,0.0,0,0,0,0,0.0
5645686,0,0.0,0,0,0,0,0.0
5647589,0,0.0,0,0,0,0,0.0
5650053,0,0.0,0,0,0,0,0.0
1908775,0,0.0,0,0,0,0,0.0
5652224,0,0.0,0,0,0,0,0.0
5653171,0,0.0,0,0,0,0,0.0
5661629,0,0.0,0,0,0,0,0.0
5686440,0,0.0,0,0,0,0,0.0
5668837,0,0.0,0,0,0,0,0.0
5669864,0,0.0,0,0,0,0,0.0
5671314,0,0.0,0,0,0,0,0.0
5674725,0,0.0,0,0,0,0,0.0
5677433,0,0.0,0,0,0,0,0.0
5685603,0,0.0,0,0,0,0,0.0
5951644,0,0.0,0,0,0,0,0.0
5957410,0,0.0,0,0,0,0,0.0
4455279,0,0.0,0,0,0,0,0.0
6189401,0,0.0,0,0,0,0,0.0
6281913,0,0.0,0,0,0,0,0.0
6284662,0,0.0,0,0,0,0,0.0
1755769,0,0.0,0,0,0,0,0.0
6294790,0,0.0,0,0,0,0,0.0
6301023,0,0.0,0,0,0,0,0.0
6307993,0,0.0,0,0,0,0,0.0
6312568,0,0.0,0,0,0,0,0.0
6313833,0,0.0,0,0,0,0,0.0
6314122,0,0.0,0,0,0,0,0.0
6315400,0,0.0,0,0,0,0,0.0
1752404,0,0.0,0,0,0,0,0.0
6317361,0,0.0,0,0,0,0,0.0
6317868,0,0.0,0,0,0,0,0.0
6319371,0,0.0,0,0,0,0,0.0
6320755,0,0.0,0,0,0,0,0.0
6280137,0,0.0,0,0,0,0,0.0
2588813,0,0.0,0,0,0,0,0.0
6274263,0,0.0,0,0,0,0,0.0
6239091,0,0.0,0,0,0,0,0.0
1769552,0,0.0,0,0,0,0,0.0
6198937,0,0.0,0,0,0,0,0.0
1769259,0,0.0,0,0,0,0,0.0
6219056,0,0.0,0,0,0,0,0.0
1769196,0,0.0,0,0,0,0,0.0
6230718,0,0.0,0,0,0,0,0.0
6240521,0,0.0,0,0,0,0,0.0
1761866,0,0.0,0,0,0,0,0.0
1766415,0,0.0,0,0,0,0,0.0
6243205,0,0.0,0,0,0,0,0.0
6250697,0,0.0,0,0,0,0,0.0
6257712,0,0.0,0,0,0,0,0.0
6268813,0,0.0,0,0,0,0,0.0
1762548,0,0.0,0,0,0,0,0.0
1751576,0,0.0,0,0,0,0,0.0
6323363,0,0.0,0,0,0,0,0.0
6323493,0,0.0,0,0,0,0,0.0
1716312,0,0.0,0,0,0,0,0.0
1736119,0,0.0,0,0,0,0,0.0
6407205,0,0.0,0,0,0,0,0.0
6412619,0,0.0,0,0,0,0,0.0
6414877,0,0.0,0,0,0,0,0.0
1729895,0,0.0,0,0,0,0,0.0
1722080,0,0.0,0,0,0,0,0.0
6427261,0,0.0,0,0,0,0,0.0
6398034,0,0.0,0,0,0,0,0.0
6435665,0,0.0,0,0,0,0,0.0
6440411,0,0.0,0,0,0,0,0.0
1715072,0,0.0,0,0,0,0,0.0
6443789,0,0.0,0,0,0,0,0.0
6448074,0,0.0,0,0,0,0,0.0
6459881,0,0.0,0,0,0,0,0.0
6401028,0,0.0,0,0,0,0,0.0
6394575,0,0.0,0,0,0,0,0.0
6324850,0,0.0,0,0,0,0,0.0
6353750,0,0.0,0,0,0,0,0.0
1750839,0,0.0,0,0,0,0,0.0
6332008,0,0.0,0,0,0,0,0.0
6342369,0,0.0,0,0,0,0,0.0
6343236,0,0.0,0,0,0,0,0.0
6347187,0,0.0,0,0,0,0,0.0
6353252,0,0.0,0,0,0,0,0.0
6356198,0,0.0,0,0,0,0,0.0
6385551,0,0.0,0,0,0,0,0.0
1748710,0,0.0,0,0,0,0,0.0
6373831,0,0.0,0,0,0,0,0.0
1748365,0,0.0,0,0,0,0,0.0
1741955,0,0.0,0,0,0,0,0.0
1738982,0,0.0,0,0,0,0,0.0
1737103,0,0.0,0,0,0,0,0.0
6190328,0,0.0,0,0,0,0,0.0
6187250,0,0.0,0,0,0,0,0.0
5960168,0,0.0,0,0,0,0,0.0
6186582,0,0.0,0,0,0,0,0.0
6000916,0,0.0,0,0,0,0,0.0
6005542,0,0.0,0,0,0,0,0.0
6008898,0,0.0,0,0,0,0,0.0
1831404,0,0.0,0,0,0,0,0.0
1817743,0,0.0,0,0,0,0,0.0
1816738,0,0.0,0,0,0,0,0.0
6023367,0,0.0,0,0,0,0,0.0
1806248,0,0.0,0,0,0,0,0.0
6026159,0,0.0,0,0,0,0,0.0
6029879,0,0.0,0,0,0,0,0.0
6031363,0,0.0,0,0,0,0,0.0
6036496,0,0.0,0,0,0,0,0.0
6037524,0,0.0,0,0,0,0,0.0
6039739,0,0.0,0,0,0,0,0.0
6043812,0,0.0,0,0,0,0,0.0
5997780,0,0.0,0,0,0,0,0.0
5997326,0,0.0,0,0,0,0,0.0
5994796,0,0.0,0,0,0,0,0.0
5971491,0,0.0,0,0,0,0,0.0
5961158,0,0.0,0,0,0,0,0.0
5962037,0,0.0,0,0,0,0,0.0
5964311,0,0.0,0,0,0,0,0.0
1832904,0,0.0,0,0,0,0,0.0
5964630,0,0.0,0,0,0,0,0.0
5968402,0,0.0,0,0,0,0,0.0
5975337,0,0.0,0,0,0,0,0.0
5991605,0,0.0,0,0,0,0,0.0
5975771,0,0.0,0,0,0,0,0.0
5976069,0,0.0,0,0,0,0,0.0
5981743,0,0.0,0,0,0,0,0.0
5984218,0,0.0,0,0,0,0,0.0
5984917,0,0.0,0,0,0,0,0.0
1831470,0,0.0,0,0,0,0,0.0
6044552,0,0.0,0,0,0,0,0.0
6046625,0,0.0,0,0,0,0,0.0
6048964,0,0.0,0,0,0,0,0.0
6136259,0,0.0,0,0,0,0,0.0
6119631,0,0.0,0,0,0,0,0.0
6121082,0,0.0,0,0,0,0,0.0
6123055,0,0.0,0,0,0,0,0.0
6124072,0,0.0,0,0,0,0,0.0
6130861,0,0.0,0,0,0,0,0.0
6131027,0,0.0,0,0,0,0,0.0
1790180,0,0.0,0,0,0,0,0.0
6113572,0,0.0,0,0,0,0,0.0
6145966,0,0.0,0,0,0,0,0.0
1782660,0,0.0,0,0,0,0,0.0
1781014,0,0.0,0,0,0,0,0.0
6172723,0,0.0,0,0,0,0,0.0
6173708,0,0.0,0,0,0,0,0.0
6183324,0,0.0,0,0,0,0,0.0
6116181,0,0.0,0,0,0,0,0.0
6103638,0,0.0,0,0,0,0,0.0
1803331,0,0.0,0,0,0,0,0.0
1791315,0,0.0,0,0,0,0,0.0
1794929,0,0.0,0,0,0,0,0.0
6061965,0,0.0,0,0,0,0,0.0
1793798,0,0.0,0,0,0,0,0.0
6064684,0,0.0,0,0,0,0,0.0
6078339,0,0.0,0,0,0,0,0.0
6083130,0,0.0,0,0,0,0,0.0
6085222,0,0.0,0,0,0,0,0.0
6094838,0,0.0,0,0,0,0,0.0
6086535,0,0.0,0,0,0,0,0.0
6087601,0,0.0,0,0,0,0,0.0
6089389,0,0.0,0,0,0,0,0.0
6089796,0,0.0,0,0,0,0,0.0
6091418,0,0.0,0,0,0,0,0.0
6094074,0,0.0,0,0,0,0,0.0
5501020,0,0.0,0,0,0,0,0.0
1942540,0,0.0,0,0,0,0,0.0
5484253,0,0.0,0,0,0,0,0.0
2121495,0,0.0,0,0,0,0,0.0
4793339,0,0.0,0,0,0,0,0.0
4794438,0,0.0,0,0,0,0,0.0
4796204,0,0.0,0,0,0,0,0.0
4797165,0,0.0,0,0,0,0,0.0
4801349,0,0.0,0,0,0,0,0.0
4801907,0,0.0,0,0,0,0,0.0
4805289,0,0.0,0,0,0,0,0.0
4805360,0,0.0,0,0,0,0,0.0
4805727,0,0.0,0,0,0,0,0.0
4808171,0,0.0,0,0,0,0,0.0
4808531,0,0.0,0,0,0,0,0.0
2095402,0,0.0,0,0,0,0,0.0
2090537,0,0.0,0,0,0,0,0.0
4816376,0,0.0,0,0,0,0,0.0
4816403,0,0.0,0,0,0,0,0.0
4789282,0,0.0,0,0,0,0,0.0
2098906,0,0.0,0,0,0,0,0.0
4785825,0,0.0,0,0,0,0,0.0
4754421,0,0.0,0,0,0,0,0.0
4743462,0,0.0,0,0,0,0,0.0
4743501,0,0.0,0,0,0,0,0.0
4745301,0,0.0,0,0,0,0,0.0
2114701,0,0.0,0,0,0,0,0.0
4748284,0,0.0,0,0,0,0,0.0
2108444,0,0.0,0,0,0,0,0.0
4764695,0,0.0,0,0,0,0,0.0
2101879,0,0.0,0,0,0,0,0.0
2105982,0,0.0,0,0,0,0,0.0
4773636,0,0.0,0,0,0,0,0.0
4774991,0,0.0,0,0,0,0,0.0
4777852,0,0.0,0,0,0,0,0.0
4779743,0,0.0,0,0,0,0,0.0
4783153,0,0.0,0,0,0,0,0.0
4826080,0,0.0,0,0,0,0,0.0
4826729,0,0.0,0,0,0,0,0.0
4829922,0,0.0,0,0,0,0,0.0
4918146,0,0.0,0,0,0,0,0.0
2077976,0,0.0,0,0,0,0,0.0
4888016,0,0.0,0,0,0,0,0.0
4890098,0,0.0,0,0,0,0,0.0
4907589,0,0.0,0,0,0,0,0.0
4911523,0,0.0,0,0,0,0,0.0
4914800,0,0.0,0,0,0,0,0.0
4926112,0,0.0,0,0,0,0,0.0
4875748,0,0.0,0,0,0,0,0.0
4927157,0,0.0,0,0,0,0,0.0
4928468,0,0.0,0,0,0,0,0.0
4933562,0,0.0,0,0,0,0,0.0
4937051,0,0.0,0,0,0,0,0.0
4946323,0,0.0,0,0,0,0,0.0
2072982,0,0.0,0,0,0,0,0.0
4881123,0,0.0,0,0,0,0,0.0
4872078,0,0.0,0,0,0,0,0.0
4830669,0,0.0,0,0,0,0,0.0
4844294,0,0.0,0,0,0,0,0.0
4833024,0,0.0,0,0,0,0,0.0
4833307,0,0.0,0,0,0,0,0.0
4834623,0,0.0,0,0,0,0,0.0
2090291,0,0.0,0,0,0,0,0.0
4836910,0,0.0,0,0,0,0,0.0
4837872,0,0.0,0,0,0,0,0.0
4850534,0,0.0,0,0,0,0,0.0
4869957,0,0.0,0,0,0,0,0.0
4853902,0,0.0,0,0,0,0,0.0
4859627,0,0.0,0,0,0,0,0.0
4862396,0,0.0,0,0,0,0,0.0
4863420,0,0.0,0,0,0,0,0.0
2081796,0,0.0,0,0,0,0,0.0
4868934,0,0.0,0,0,0,0,0.0
4737677,0,0.0,0,0,0,0,0.0
4725500,0,0.0,0,0,0,0,0.0
5483859,0,0.0,0,0,0,0,0.0
2121889,0,0.0,0,0,0,0,0.0
2129185,0,0.0,0,0,0,0,0.0
2127854,0,0.0,0,0,0,0,0.0
4544985,0,0.0,0,0,0,0,0.0
2126145,0,0.0,0,0,0,0,0.0
4553826,0,0.0,0,0,0,0,0.0
4557475,0,0.0,0,0,0,0,0.0
4558017,0,0.0,0,0,0,0,0.0
4568168,0,0.0,0,0,0,0,0.0
4570483,0,0.0,0,0,0,0,0.0
4570595,0,0.0,0,0,0,0,0.0
4570774,0,0.0,0,0,0,0,0.0
4572548,0,0.0,0,0,0,0,0.0
4579514,0,0.0,0,0,0,0,0.0
4582553,0,0.0,0,0,0,0,0.0
2123950,0,0.0,0,0,0,0,0.0
4530445,0,0.0,0,0,0,0,0.0
4528626,0,0.0,0,0,0,0,0.0
4526747,0,0.0,0,0,0,0,0.0
4488351,0,0.0,0,0,0,0,0.0
4460544,0,0.0,0,0,0,0,0.0
4460829,0,0.0,0,0,0,0,0.0
4471885,0,0.0,0,0,0,0,0.0
4476222,0,0.0,0,0,0,0,0.0
4479527,0,0.0,0,0,0,0,0.0
4486494,0,0.0,0,0,0,0,0.0
2145467,0,0.0,0,0,0,0,0.0
2131184,0,0.0,0,0,0,0,0.0
2141883,0,0.0,0,0,0,0,0.0
4508434,0,0.0,0,0,0,0,0.0
4511285,0,0.0,0,0,0,0,0.0
4511694,0,0.0,0,0,0,0,0.0
4518423,0,0.0,0,0,0,0,0.0
2140279,0,0.0,0,0,0,0,0.0
4583533,0,0.0,0,0,0,0,0.0
4586156,0,0.0,0,0,0,0,0.0
4596728,0,0.0,0,0,0,0,0.0
4696315,0,0.0,0,0,0,0,0.0
4686537,0,0.0,0,0,0,0,0.0
4687993,0,0.0,0,0,0,0,0.0
4689173,0,0.0,0,0,0,0,0.0
4691316,0,0.0,0,0,0,0,0.0
4692403,0,0.0,0,0,0,0,0.0
4695120,0,0.0,0,0,0,0,0.0
4698495,0,0.0,0,0,0,0,0.0
4674992,0,0.0,0,0,0,0,0.0
4699790,0,0.0,0,0,0,0,0.0
4699956,0,0.0,0,0,0,0,0.0
4701922,0,0.0,0,0,0,0,0.0
4716510,0,0.0,0,0,0,0,0.0
4718645,0,0.0,0,0,0,0,0.0
4719144,0,0.0,0,0,0,0,0.0
4684148,0,0.0,0,0,0,0,0.0
4672937,0,0.0,0,0,0,0,0.0
4599055,0,0.0,0,0,0,0,0.0
4631803,0,0.0,0,0,0,0,0.0
4623357,0,0.0,0,0,0,0,0.0
4627590,0,0.0,0,0,0,0,0.0
4628040,0,0.0,0,0,0,0,0.0
4629060,0,0.0,0,0,0,0,0.0
4630251,0,0.0,0,0,0,0,0.0
4631054,0,0.0,0,0,0,0,0.0
2123408,0,0.0,0,0,0,0,0.0
4658893,0,0.0,0,0,0,0,0.0
2122396,0,0.0,0,0,0,0,0.0
4649049,0,0.0,0,0,0,0,0.0
4654004,0,0.0,0,0,0,0,0.0
4654081,0,0.0,0,0,0,0,0.0
4655756,0,0.0,0,0,0,0,0.0
4658063,0,0.0,0,0,0,0,0.0
4954627,0,0.0,0,0,0,0,0.0
4958327,0,0.0,0,0,0,0,0.0
4962477,0,0.0,0,0,0,0,0.0
2066920,0,0.0,0,0,0,0,0.0
5327263,0,0.0,0,0,0,0,0.0
5329734,0,0.0,0,0,0,0,0.0
5333556,0,0.0,0,0,0,0,0.0
1989891,0,0.0,0,0,0,0,0.0
5343784,0,0.0,0,0,0,0,0.0
1988583,0,0.0,0,0,0,0,0.0
5344906,0,0.0,0,0,0,0,0.0
5346266,0,0.0,0,0,0,0,0.0
5352618,0,0.0,0,0,0,0,0.0
5353318,0,0.0,0,0,0,0,0.0
5359008,0,0.0,0,0,0,0,0.0
1977386,0,0.0,0,0,0,0,0.0
5360945,0,0.0,0,0,0,0,0.0
5365027,0,0.0,0,0,0,0,0.0
5368489,0,0.0,0,0,0,0,0.0
5324980,0,0.0,0,0,0,0,0.0
5323583,0,0.0,0,0,0,0,0.0
5317900,0,0.0,0,0,0,0,0.0
5295698,0,0.0,0,0,0,0,0.0
5279182,0,0.0,0,0,0,0,0.0
5281243,0,0.0,0,0,0,0,0.0
5287681,0,0.0,0,0,0,0,0.0
5287732,0,0.0,0,0,0,0,0.0
5287968,0,0.0,0,0,0,0,0.0
5290138,0,0.0,0,0,0,0,0.0
5297173,0,0.0,0,0,0,0,0.0
1994113,0,0.0,0,0,0,0,0.0
5297195,0,0.0,0,0,0,0,0.0
5301961,0,0.0,0,0,0,0,0.0
5302539,0,0.0,0,0,0,0,0.0
5304390,0,0.0,0,0,0,0,0.0
5316103,0,0.0,0,0,0,0,0.0
5317470,0,0.0,0,0,0,0,0.0
5374718,0,0.0,0,0,0,0,0.0
5375933,0,0.0,0,0,0,0,0.0
5379704,0,0.0,0,0,0,0,0.0
5454887,0,0.0,0,0,0,0,0.0
5430052,0,0.0,0,0,0,0,0.0
5432214,0,0.0,0,0,0,0,0.0
5432307,0,0.0,0,0,0,0,0.0
5433686,0,0.0,0,0,0,0,0.0
1952692,0,0.0,0,0,0,0,0.0
5440637,0,0.0,0,0,0,0,0.0
1947618,0,0.0,0,0,0,0,0.0
5427674,0,0.0,0,0,0,0,0.0
5463016,0,0.0,0,0,0,0,0.0
5469860,0,0.0,0,0,0,0,0.0
5469953,0,0.0,0,0,0,0,0.0
1945042,0,0.0,0,0,0,0,0.0
5471410,0,0.0,0,0,0,0,0.0
5477651,0,0.0,0,0,0,0,0.0
1954210,0,0.0,0,0,0,0,0.0
1955747,0,0.0,0,0,0,0,0.0
5379737,0,0.0,0,0,0,0,0.0
5403468,0,0.0,0,0,0,0,0.0
5383966,0,0.0,0,0,0,0,0.0
5385805,0,0.0,0,0,0,0,0.0
1968874,0,0.0,0,0,0,0,0.0
5394494,0,0.0,0,0,0,0,0.0
5400659,0,0.0,0,0,0,0,0.0
5402611,0,0.0,0,0,0,0,0.0
5405437,0,0.0,0,0,0,0,0.0
5423719,0,0.0,0,0,0,0,0.0
5410564,0,0.0,0,0,0,0,0.0
5413199,0,0.0,0,0,0,0,0.0
5413314,0,0.0,0,0,0,0,0.0
5417554,0,0.0,0,0,0,0,0.0
5420635,0,0.0,0,0,0,0,0.0
5422872,0,0.0,0,0,0,0,0.0
1998748,0,0.0,0,0,0,0,0.0
5275203,0,0.0,0,0,0,0,0.0
5257291,0,0.0,0,0,0,0,0.0
5075275,0,0.0,0,0,0,0,0.0
5053675,0,0.0,0,0,0,0,0.0
2055455,0,0.0,0,0,0,0,0.0
5058237,0,0.0,0,0,0,0,0.0
2051883,0,0.0,0,0,0,0,0.0
5065860,0,0.0,0,0,0,0,0.0
5072907,0,0.0,0,0,0,0,0.0
5079433,0,0.0,0,0,0,0,0.0
5046002,0,0.0,0,0,0,0,0.0
5084256,0,0.0,0,0,0,0,0.0
5086222,0,0.0,0,0,0,0,0.0
2051196,0,0.0,0,0,0,0,0.0
2045316,0,0.0,0,0,0,0,0.0
5089159,0,0.0,0,0,0,0,0.0
5090105,0,0.0,0,0,0,0,0.0
5052346,0,0.0,0,0,0,0,0.0
5043206,0,0.0,0,0,0,0,0.0
5098606,0,0.0,0,0,0,0,0.0
2062847,0,0.0,0,0,0,0,0.0
4965439,0,0.0,0,0,0,0,0.0
4969882,0,0.0,0,0,0,0,0.0
2066714,0,0.0,0,0,0,0,0.0
4980836,0,0.0,0,0,0,0,0.0
4982185,0,0.0,0,0,0,0,0.0
4988093,0,0.0,0,0,0,0,0.0
2062119,0,0.0,0,0,0,0,0.0
5041556,0,0.0,0,0,0,0,0.0
5005516,0,0.0,0,0,0,0,0.0
5007617,0,0.0,0,0,0,0,0.0
5011957,0,0.0,0,0,0,0,0.0
5012389,0,0.0,0,0,0,0,0.0
5014670,0,0.0,0,0,0,0,0.0
5033041,0,0.0,0,0,0,0,0.0
5091003,0,0.0,0,0,0,0,0.0
5113587,0,0.0,0,0,0,0,0.0
5255032,0,0.0,0,0,0,0,0.0
5209167,0,0.0,0,0,0,0,0.0
5177078,0,0.0,0,0,0,0,0.0
5178173,0,0.0,0,0,0,0,0.0
5183532,0,0.0,0,0,0,0,0.0
5190477,0,0.0,0,0,0,0,0.0
2022274,0,0.0,0,0,0,0,0.0
2016023,0,0.0,0,0,0,0,0.0
5214802,0,0.0,0,0,0,0,0.0
5174914,0,0.0,0,0,0,0,0.0
5233816,0,0.0,0,0,0,0,0.0
2010080,0,0.0,0,0,0,0,0.0
5238915,0,0.0,0,0,0,0,0.0
2005318,0,0.0,0,0,0,0,0.0
5249714,0,0.0,0,0,0,0,0.0
5254328,0,0.0,0,0,0,0,0.0
2032269,0,0.0,0,0,0,0,0.0
5173830,0,0.0,0,0,0,0,0.0
2044112,0,0.0,0,0,0,0,0.0
5146556,0,0.0,0,0,0,0,0.0
5119289,0,0.0,0,0,0,0,0.0
5123601,0,0.0,0,0,0,0,0.0
5126228,0,0.0,0,0,0,0,0.0
5132645,0,0.0,0,0,0,0,0.0
2037406,0,0.0,0,0,0,0,0.0
5138052,0,0.0,0,0,0,0,0.0
5150341,0,0.0,0,0,0,0,0.0
5171063,0,0.0,0,0,0,0,0.0
5150607,0,0.0,0,0,0,0,0.0
5155959,0,0.0,0,0,0,0,0.0
5162311,0,0.0,0,0,0,0,0.0
2036206,0,0.0,0,0,0,0,0.0
5167426,0,0.0,0,0,0,0,0.0
5167766,0,0.0,0,0,0,0,0.0
1001589,0,0.0,0,0,0,0,0.0
