,days
1010676,226
1017147,50
1029380,255
1033804,364
1036686,247
1045708,41
1052703,39
1056633,134
1063500,202
1074137,132
1083353,142
1091590,228
1115097,152
1124179,178
1133197,363
1133816,173
1155063,46
1159791,125
1167400,143
1169137,164
1184793,59
1191262,200
1201162,68
1201898,274
1209022,61
1215340,363
1223313,365
1226579,244
1246655,72
1249509,48
1263288,364
1268324,365
1279011,254
1279709,230
1281036,167
1288701,364
1289050,214
1290042,116
1292471,125
1297937,64
1297946,203
1310438,141
1310863,364
1313506,178
1314069,34
1319016,110
1322829,190
1328297,183
1335125,363
1337262,53
1339565,93
1348811,334
1354811,180
1360538,132
1364262,110
1372570,99
1376482,43
1376731,155
1390034,107
1396859,109
1407662,126
1415713,49
1422496,79
1425344,210
1428608,207
1432068,136
1439092,90
1439640,157
1441719,55
1442731,134
1444221,244
1452897,67
1454363,217
1457258,174
1460940,221
1466132,34
1467418,133
1470903,103
1500982,38
1501314,123
1504233,191
1513317,207
1521629,246
1524240,83
1529371,208
1539336,37
1547698,322
1551929,63
1557433,71
1562638,287
1566678,34
1582134,123
1586282,334
1591483,265
1639300,207
1648762,81
1649046,199
1658732,32
1659383,274
1663018,160
1667117,46
1693842,37
1693909,206
1707796,75
1709733,54
1710212,133
1715072,133
1716312,150
1736119,63
1738982,181
1750839,44
1751576,60
1752404,120
1761866,64
1766221,188
1769196,228
1806248,76
1816738,179
1831470,365
1846570,60
1896461,130
1907417,44
1908775,221
1921843,54
1925374,125
1925951,133
1937978,364
1947618,108
1952692,77
1954210,86
1955747,207
1977386,200
1989891,60
1994113,178
2010080,107
2044112,57
2051883,95
2055455,364
2062119,255
2072982,364
2081796,179
2090291,38
2095402,153
2108444,224
2114701,92
2121495,234
2127854,206
2129185,114
2131184,71
2140279,220
2141883,364
2145467,103
2151506,362
2164340,85
2204880,365
2206881,95
2207672,364
2230600,156
2230654,161
2233026,39
2240590,31
2250865,51
2255349,91
2262164,203
2274421,140
2275982,364
2297679,337
2306353,112
2307075,82
2327711,141
2333339,350
2333473,208
2343268,286
2351232,37
2351697,365
2354093,364
2358442,201
2419106,358
2445255,339
2451671,207
2462188,115
2465534,39
2465751,161
2468181,78
2468722,98
2473076,197
2476400,213
2491162,57
2499328,53
2504720,364
2512096,61
2527623,228
2549972,129
2554826,44
2560046,364
2564241,293
2565590,121
2575748,134
2577636,87
2582169,186
2593071,154
2597187,143
2600736,206
2617670,39
2619485,363
2622095,78
2623532,87
2625158,42
2626896,277
2638581,244
2639003,131
2643416,140
2659833,157
2662859,179
2681522,133
2696002,57
2698953,253
2707472,125
2709217,226
2726137,120
2726923,134
2737371,56
2747160,188
2761224,237
2769654,363
2781589,74
2784531,212
2794536,35
2796252,74
2828621,30
2834311,55
2846910,33
2852160,363
2853700,44
2858379,43
2861772,119
2863623,53
2876446,256
2879682,364
2881231,41
2881660,196
2883740,364
2889252,243
2895863,72
2896297,94
2904146,210
2909885,364
2916261,133
2917314,217
2919132,34
2924723,210
2945102,231
2947060,363
2947672,136
2967750,254
2977016,104
2989254,160
2990242,38
2994514,80
3002757,134
3008210,49
3013075,115
3014521,133
3014556,61
3015954,190
3018911,251
3025088,251
3025270,43
3030799,69
3038243,289
3046951,128
3047205,82
3049704,189
3056096,224
3059428,121
3060168,85
3070748,80
3077302,200
3083113,145
3107251,103
3121844,47
3130175,52
3134124,195
3143136,174
3154352,363
3160307,243
3163716,76
3168858,179
3193845,54
3196579,157
3199070,32
3215604,163
3224737,302
3228151,175
3230581,38
3236144,60
3242554,31
3248152,305
3272194,314
3289699,48
3295569,40
3301069,364
3310507,31
3340456,209
3343211,337
3344533,189
3351652,67
3351997,163
3357274,149
3365087,134
3372177,250
3410653,76
3421979,157
3423847,156
3427597,54
3444727,282
3446560,64
3481785,150
3482324,280
3483012,351
3488805,139
3489889,109
3493583,231
3499191,141
3507105,137
3508958,281
3509744,133
3545523,306
3547891,109
3550771,67
3551241,363
3554424,131
3558995,321
3572491,324
3576176,209
3586745,219
3587823,260
3590034,252
3595311,36
3602528,80
3603684,242
3607789,116
3608166,165
3618095,131
3618593,131
3623568,57
3638792,210
3670432,161
3681521,344
3684437,242
3690990,85
3705092,92
3712542,234
3713547,246
3714058,124
3720200,137
3744689,126
3760645,356
3761383,35
3802173,130
3806454,97
3808331,31
3817808,111
3819860,364
3821992,128
3840297,31
3841991,217
3845277,66
3848969,141
3880534,61
3887922,90
3897295,101
3907452,164
3908898,137
3915109,183
3920842,34
3923509,157
3933533,172
3934758,245
3939150,190
3946783,30
3955054,363
3967640,157
3974272,143
3976692,176
3985881,76
3997514,117
4000789,163
4009299,289
4011165,155
4017252,95
4023262,105
4035478,130
4035547,129
4064791,149
4065919,47
4074999,110
4075954,131
4104576,46
4123192,364
4127995,243
4137673,365
4143544,138
4144772,239
4155583,204
4156947,67
4169883,219
4189085,61
4194454,50
4200100,43
4209165,184
4222005,101
4226606,127
4236076,194
4258028,46
4271351,207
4272556,30
4273329,50
4278044,363
4283100,73
4305897,364
4320866,50
4329283,31
4343234,176
4346774,208
4352677,80
4353331,193
4360681,218
4373523,281
4374300,293
4382302,135
4387021,195
4391455,36
4397118,50
4402931,139
4403828,190
4407360,116
4424660,95
4449032,121
4460544,54
4460829,364
4476222,363
4479527,68
4488351,151
4511694,85
4520579,35
4526747,83
4528626,280
4530445,53
4530662,230
4538641,53
4544985,56
4558017,211
4570483,113
4570595,166
4570774,61
4572548,132
4582553,166
4596728,86
4631054,177
4649049,30
4654004,92
4654081,164
4658063,114
4672937,318
4684148,364
4687993,123
4689173,364
4692403,105
4695120,67
4696315,38
4699790,52
4701922,80
4719144,209
4743501,343
4745301,49
4746469,42
4748284,34
4754421,92
4764695,176
4774991,133
4777852,37
4783153,200
4785825,125
4788930,60
4789282,132
4793339,35
4794438,36
4796204,87
4805360,335
4826729,50
4830669,38
4834623,195
4835816,149
4836910,154
4850534,78
4853902,137
4863420,87
4868934,76
4872078,277
4888016,309
4890098,133
4895719,67
4907589,171
4911523,64
4914800,57
4926112,363
4927157,213
4928468,140
4946323,133
4954627,286
4962477,42
4965439,134
4969882,363
4980836,181
4982185,184
5005516,224
5012389,364
5041556,154
5043206,209
5052346,156
5053675,85
5072907,144
5075275,186
5113587,364
5115252,56
5123601,209
5132645,199
5138052,151
5150341,81
5150607,244
5155959,206
5162311,280
5167766,162
5171063,134
5173830,221
5178173,31
5183532,57
5190477,34
5209167,207
5233816,115
5249714,99
5255032,209
5275203,77
5281243,84
5287732,276
5295698,158
5297173,160
5304390,146
5310066,93
5316103,55
5317470,54
5327263,95
5329734,101
5339071,92
5346266,177
5352618,284
5360945,77
5365027,83
5374718,335
5379704,38
5383966,52
5394494,151
5402611,131
5403468,41
5410564,263
5413199,85
5420635,142
5422872,124
5423719,209
5427674,45
5430052,180
5432214,114
5440637,144
5454887,93
5463016,365
5469860,123
5478348,37
5483859,198
5490175,146
5493791,73
5501020,131
5516412,43
5523469,245
5525554,180
5525732,154
5528162,245
5546054,363
5550638,293
5559508,303
5571667,133
5574964,252
5606393,48
5612676,363
5614292,270
5615246,96
5619664,228
5645686,358
5653171,135
5661629,365
5671314,59
5674725,121
5690434,152
5691727,58
5692386,253
5695895,41
5705912,119
5730195,336
5737427,60
5738008,59
5739713,282
5746061,123
5748715,198
5763346,137
5779679,78
5782008,217
5785695,41
5788522,73
5814305,209
5823773,148
5826913,84
5838414,79
5838887,235
5855271,44
5856235,245
5860006,362
5871865,200
5883981,156
5886475,75
5888128,103
5888534,39
5896907,361
5905696,134
5906682,111
5907185,179
5913680,50
5921146,101
5945935,86
5957410,158
5960168,209
5964630,364
5975337,46
5981743,309
5994796,213
5997326,89
6000916,189
6005542,64
6029879,213
6037524,133
6039739,40
6043812,217
6061965,134
6078339,210
6086535,138
6089389,363
6103638,344
6116181,176
6119963,365
6121082,98
6131027,32
6145966,128
6148469,66
6170256,221
6172723,72
6186582,56
6187250,284
6190328,93
6192312,88
6198937,55
6219056,346
6239091,183
6240521,286
6244261,236
6250697,60
6259524,124
6268813,50
6275524,105
6307993,146
6315400,55
6323493,364
6332008,134
6335255,141
6342369,206
6343236,61
6353252,208
6373831,134
6374140,53
6374262,51
6385551,201
6401028,363
6412619,83
6440411,172
6443789,249
6459881,86
6461751,182
6470696,286
6471780,364
6480408,357
6496515,332
6518665,38
6521672,211
6525083,179
6529591,330
6538640,340
6539232,128
6541130,105
6553928,363
6554035,211
6559532,101
6571093,133
6572157,206
6580194,210
6582634,334
6590740,228
6594805,35
6596412,222
6597102,35
6602206,35
6602986,66
6607523,86
6613279,200
6627292,265
6636238,133
6653057,89
6654759,152
6660508,104
6666501,54
6669646,78
6678810,68
6682779,56
6700811,214
6708324,173
6714990,365
6715837,106
6723561,116
6730057,82
6753001,265
6753286,364
6754005,73
6758118,77
6764023,195
6772540,152
6773355,86
6778964,296
6813927,364
6815582,76
6817818,128
6818341,203
6851656,215
6874076,245
6880260,209
6887195,190
6906324,197
6908750,139
6921537,141
6939703,50
6944439,83
6945432,124
6948616,232
6958123,30
6962411,134
6970027,123
6971995,202
6974754,40
6975053,35
6986246,158
6994287,355
7000034,157
7006541,161
7010638,55
7018891,210
7021114,64
7047517,48
7081096,198
7110176,84
7126732,56
7127866,59
7141811,171
7144718,192
7149502,158
7152195,362
7155390,110
7156614,159
7174522,127
7180980,74
7182750,179
7182991,288
7187629,107
7188090,131
7188133,128
7193933,180
7217906,183
7237771,164
7240219,82
7250470,108
7251669,43
7258762,34
7272748,134
7273000,124
7286195,363
7290687,31
7293232,66
7306482,131
7324653,36
7358279,205
7361367,179
7365465,106
7380982,180
7396974,262
7400494,144
7401577,66
7441280,243
7449540,315
7452306,207
7452608,242
7453178,81
7460512,169
7462999,364
7479307,33
7488465,34
7488701,166
7490574,362
7498287,54
7521297,159
7543351,104
7555690,80
7558835,364
7567417,40
7570524,134
7581794,227
7587131,106
7591491,108
7599432,166
7601059,197
7606637,80
7609104,208
7610615,213
7612606,199
7621006,130
7624914,30
7628318,58
7629899,46
7630963,158
7633760,152
7636490,363
7636837,115
7638986,145
7659741,130
7671148,35
7708343,185
7714872,66
7719848,238
7720437,179
7723693,38
7728391,204
7736246,265
7742751,90
7757908,73
7761718,185
7791851,362
7793994,42
7796077,364
7801742,66
7801777,48
7817501,39
7823655,49
7824970,50
7826125,222
7826228,163
7829738,146
7838946,244
7841131,114
7849911,244
7855058,211
7871016,215
7887030,238
7895267,168
7899179,178
7913451,153
7919885,72
7920079,53
7939958,210
7951890,34
7965380,60
7969077,128
7975796,244
7977069,188
7982400,244
7986215,76
8001103,365
8019123,57
8021855,277
8021914,363
8028700,210
8035498,45
8035800,134
8037838,133
8044906,311
8046323,50
8048380,134
8057689,179
8059235,139
8075181,245
8091387,62
8117039,223
8119367,179
8119482,362
8120653,183
8122087,140
8126842,42
8130882,153
8133362,61
8133599,87
8139437,91
8144207,97
8145268,364
8151996,141
8165350,212
8172298,136
8174814,33
8190741,67
8205705,198
8212369,216
8222087,160
8230014,71
8231921,256
8245992,157
8246192,166
8269868,198
8272722,165
8275031,126
8278582,245
8281516,354
8298944,276
8303398,50
8304335,364
8316677,38
8331664,62
8348751,157
8351885,230
8352375,127
8353500,363
8372209,292
8379291,97
8385358,111
8386951,35
8391560,246
8397048,180
8407695,77
8419766,167
8420038,33
8439264,189
8444367,84
8469140,99
8473797,200
8479399,244
8480847,334
8481569,238
8498147,32
8502351,104
8506549,85
8533831,95
8538619,88
8553214,32
8555100,359
8563022,216
8574237,238
8588204,231
8592251,141
8604046,182
8604735,158
8616563,117
8623605,303
8625108,30
8625789,64
8628804,36
8633915,245
8639849,251
8643423,180
8646268,100
8665288,174
8670729,216
8680151,114
8687880,33
8713886,264
8715922,30
8716088,132
8722107,181
8727125,66
8737503,245
8756951,177
8758994,48
8759982,138
8765888,106
8775030,70
8782888,175
8786407,253
8800250,123
8801496,172
8831558,280
8833769,89
8854548,33
8859961,242
8870004,65
8886394,34
8931039,120
8955038,56
8959040,99
8972575,39
8979935,157
8983836,119
8984656,332
8985732,151
9002192,86
9004534,142
9007737,302
9022304,231
9025567,161
9039028,345
9064818,75
9081404,55
9081974,38
9087243,133
9091530,36
9093410,181
9104608,258
9110436,210
9114170,258
9115192,55
9117800,211
9118523,184
9141020,128
9159226,147
9170542,71
9174908,93
9182478,365
9194284,364
9197839,47
9209636,35
9228895,129
9239686,137
9247256,363
9250106,152
9254821,41
9262934,85
9264330,34
9271840,202
9272990,32
9273097,351
9289228,36
9302752,315
9305264,141
9311918,70
9318603,174
9326248,363
9345616,88
9350578,274
9353540,306
9354769,364
9400927,41
9408228,47
9427180,39
9468528,34
9477920,271
9480515,167
9494991,61
9496586,120
9543842,207
9555847,89
9556011,213
9556372,205
9602083,134
9612389,136
9616862,139
9617231,73
9617255,158
9617906,287
9623705,51
9633268,174
9646533,213
9653763,55
9660561,132
9665456,285
9672782,210
9674334,342
9680324,303
9683195,326
9685676,89
9686922,364
9698409,30
9702806,218
9706252,58
9709852,210
9714702,112
9724735,113
9732593,109
9737246,195
9737624,90
9738539,234
9742229,204
9747392,49
9753024,183
9758884,33
9769696,341
9775235,137
9787467,53
9790281,37
9791767,38
9798376,364
9803762,150
9805954,180
9821331,244
9822128,301
9824800,92
9852677,34
9858382,216
9864895,183
9872761,364
9878703,133
9887153,133
9892950,134
9896658,308
9917719,32
9920199,157
9923832,148
9927542,364
9960483,335
9963898,73
9974107,71
9974166,364
9991953,40
9995186,154
9997080,141
