anon_id,data,pokazanie,paketov_za_sutki,gap,diff,rate,lim,next_diff,glitch_up,glitch_down,k327,bad,med_nz,spike_abs,spike_rel
1052703,2026-02-23,282.183,1,1.0,2.496,2.496,75,1.59,False,False,False,False,0.009,False,True
1052703,2026-02-24,283.773,1,1.0,1.59,1.59,75,0.002,False,False,False,False,0.009,False,True
1052703,2026-03-29,285.75600000000003,1,1.0,1.685,1.685,75,0.005,False,False,False,False,0.009,False,True
1171145,2025-11-01,1680.347,1,1.0,5.984,5.984,75,4.631,False,False,False,False,1.619,True,False
1171145,2025-11-23,1713.36,1,1.0,5.996,5.996,75,0.0,False,False,False,False,1.619,True,False
1278937,2025-10-09,194.287,1,1.0,1.134,1.134,75,2.315,False,False,False,False,0.103,False,True
1278937,2025-10-10,196.602,1,1.0,2.315,2.315,75,2.907,False,False,False,False,0.103,False,True
1278937,2025-10-11,199.509,1,1.0,2.907,2.907,75,2.874,False,False,False,False,0.103,False,True
1278937,2025-10-12,202.383,1,1.0,2.874,2.874,75,1.422,False,False,False,False,0.103,False,True
1278937,2025-10-13,203.805,1,1.0,1.422,1.422,75,2.615,False,False,False,False,0.103,False,True
1278937,2025-10-14,206.42,1,1.0,2.615,2.615,75,0.552,False,False,False,False,0.103,False,True
1278937,2025-12-01,212.542,1,1.0,1.383,1.383,75,3.207,False,False,False,False,0.103,False,True
1278937,2025-12-02,215.749,1,1.0,3.207,3.207,75,1.766,False,False,False,False,0.103,False,True
1278937,2025-12-03,217.515,1,1.0,1.766,1.766,75,1.393,False,False,False,False,0.103,False,True
1278937,2025-12-04,218.908,1,1.0,1.393,1.393,75,1.403,False,False,False,False,0.103,False,True
1278937,2025-12-05,220.311,1,1.0,1.403,1.403,75,1.366,False,False,False,False,0.103,False,True
1278937,2025-12-06,221.677,1,1.0,1.366,1.366,75,1.259,False,False,False,False,0.103,False,True
1278937,2025-12-07,222.936,1,1.0,1.259,1.259,75,1.071,False,False,False,False,0.103,False,True
1278937,2025-12-08,224.007,1,1.0,1.071,1.071,75,1.189,False,False,False,False,0.103,False,True
1278937,2025-12-09,225.196,1,1.0,1.189,1.189,75,0.558,False,False,False,False,0.103,False,True
1278937,2026-06-30,247.78,1,1.0,1.479,1.479,75,0.76,False,False,False,False,0.103,False,True
1278937,2026-07-13,254.507,24,1.0,1.31425,1.31425,75,0.0,False,False,False,False,0.103,False,True
1278937,2026-07-16,256.7155878378378,25,1.0,1.752788,1.752788,75,0.677412,False,False,False,False,0.103,False,True
1278937,2026-07-18,258.8745,13,1.0,1.4815,1.4815,75,1.432265,False,False,False,False,0.103,False,True
1278937,2026-07-19,260.3067647058823,25,1.0,1.432265,1.432265,75,0.780902,False,False,False,False,0.103,False,True
1278937,2026-07-22,263.21072727272707,25,1.0,1.232156,1.232156,75,0.136273,False,False,False,False,0.103,False,True
1278937,2026-07-30,264.80619999999993,22,1.0,1.034914,1.034914,75,0.0288,False,False,False,False,0.103,False,True
1278937,2026-08-27,270.34649999999976,25,1.0,1.338357,1.338357,75,1.2185,False,False,False,False,0.103,False,True
1278937,2026-08-28,271.5650000000002,25,1.0,1.2185,1.2185,75,1.947422,False,False,False,False,0.103,False,True
1278937,2026-08-29,273.51242201834845,25,1.0,1.947422,1.947422,75,0.804578,False,False,False,False,0.103,False,True
1278937,2026-08-31,275.999111111111,11,1.0,1.682111,1.682111,75,0.43746,False,False,False,False,0.103,False,True
1278937,2026-09-23,279.29272727272706,23,1.0,1.697727,1.697727,75,0.358873,False,False,False,False,0.103,False,True
1278937,2026-09-25,282.3260000000001,25,1.0,2.6744,2.6744,75,-0.0,False,False,False,False,0.103,False,True
1278937,2026-09-30,300.059,13,1.0,3.0835,3.0835,75,,False,False,False,False,0.103,False,True
1297937,2025-12-12,1.873,1,1.0,1.23,1.23,75,1.381,False,False,False,False,0.035,False,True
1297937,2025-12-13,3.254,1,1.0,1.381,1.381,75,0.004,False,False,False,False,0.035,False,True
1320679,2026-02-06,341.45,1,1.0,1.84,1.84,120,1.83,False,False,False,False,0.03,False,True
1320679,2026-02-07,343.28,1,1.0,1.83,1.83,120,1.8,False,False,False,False,0.03,False,True
1320679,2026-02-08,345.08,1,1.0,1.8,1.8,120,0.67,False,False,False,False,0.03,False,True
1320679,2026-03-09,355.06,1,1.0,1.53,1.53,120,1.07,False,False,False,False,0.03,False,True
1320679,2026-03-10,356.13,1,1.0,1.07,1.07,120,0.03,False,False,False,False,0.03,False,True
1359753,2025-12-28,390.516,1,1.0,2.979,2.979,75,2.409,False,False,False,False,0.208,False,True
1359753,2025-12-29,392.925,1,1.0,2.409,2.409,75,1.613,False,False,False,False,0.208,False,True
1380978,2026-07-25,183.04866666666652,25,1.0,1.492784,1.492784,75,2.554333,False,False,False,False,0.117,False,True
1380978,2026-07-26,185.603,25,1.0,2.554333,2.554333,75,5.280905,False,False,False,False,0.117,False,True
1380978,2026-07-27,190.88390476190463,22,1.0,5.280905,5.280905,75,8.392762,False,False,False,False,0.117,True,True
1380978,2026-07-28,199.27666666666653,25,1.0,8.392762,8.392762,75,9.088,False,False,False,False,0.117,True,True
1380978,2026-07-29,208.36466666666652,25,1.0,9.088,9.088,75,9.508667,False,False,False,False,0.117,True,True
1380978,2026-07-30,217.8733333333335,25,1.0,9.508667,9.508667,75,9.679333,False,False,False,False,0.117,True,True
1380978,2026-07-31,227.5526666666665,25,1.0,9.679333,9.679333,75,9.707333,False,False,False,False,0.117,True,True
1380978,2026-08-01,237.26,25,1.0,9.707333,9.707333,75,5.506143,False,False,False,False,0.117,True,True
1380978,2026-08-02,242.76614285714297,25,1.0,5.506143,5.506143,75,0.411857,False,False,False,False,0.117,True,True
1380978,2026-09-18,251.231,25,1.0,1.894,1.894,75,0.056,False,False,False,False,0.117,False,True
1380978,2026-09-22,256.3,21,1.0,4.218,4.218,75,0.032,False,False,False,False,0.117,False,True
1391809,2026-07-25,70.103,25,1.0,1.796,1.796,75,0.166,False,False,False,False,0.1345,False,True
1401643,2025-12-14,4192.521,1,1.0,5.345,5.345,75,4.698,False,False,False,False,2.178,True,False
1423304,2026-09-07,541.0166666666667,2,1.0,54.788667,54.788667,75,343.224762,False,False,False,False,0.14889999999999998,True,True
1423304,2026-09-10,1188.56,25,1.0,46.925294,46.925294,75,342.294375,False,False,False,False,0.14889999999999998,True,True
1423304,2026-09-14,540.97,25,1.0,54.71725,54.71725,75,330.858235,False,False,False,False,0.14889999999999998,True,True
1423304,2026-09-22,538.09,25,1.0,51.728125,51.728125,75,275.853158,False,False,False,False,0.14889999999999998,True,True
1423304,2026-09-24,875.595625,25,1.0,61.652467,61.652467,75,266.139669,False,False,False,False,0.14889999999999998,True,True
1423304,2026-09-28,559.2233333333334,25,1.0,72.95251,72.95251,75,323.800351,False,False,False,False,0.14889999999999998,True,True
1581018,2026-04-18,1554.392,1,1.0,7.292,7.292,120,0.348,False,False,False,False,1.475409,True,False
1581018,2026-04-21,1562.86,1,1.0,5.448,5.448,120,4.921,False,False,False,False,1.475409,True,False
1581018,2026-04-23,1573.837,1,1.0,6.056,6.056,120,4.513,False,False,False,False,1.475409,True,False
1581018,2026-04-28,1590.75,1,1.0,5.783,5.783,120,4.391,False,False,False,False,1.475409,True,False
1581018,2026-05-16,1654.278,1,1.0,5.51,5.51,120,3.644,False,False,False,False,1.475409,True,False
1581018,2026-05-18,1663.193,1,1.0,5.271,5.271,120,4.103,False,False,False,False,1.475409,True,False
1581018,2026-09-25,1959.775618421053,14,1.0,6.445618,6.445618,120,2.739382,False,False,False,False,1.475409,True,False
1773366,2026-03-28,10.93,9,1.0,1.556,1.556,75,0.013,False,False,False,False,0.026,False,True
1847627,2025-10-25,136.919,1,1.0,1.377,1.377,75,0.046,False,False,False,False,0.07,False,True
1847627,2026-01-08,147.531,1,1.0,1.151,1.151,75,0.096,False,False,False,False,0.07,False,True
1909301,2026-06-27,71.518,1,1.0,1.724,1.724,75,0.073,False,False,False,False,0.0784,False,True
1909301,2026-07-29,76.80725,25,1.0,1.25325,1.25325,75,0.501683,False,False,False,False,0.0784,False,True
1909301,2026-07-31,80.058,23,1.0,2.749067,2.749067,75,0.188,False,False,False,False,0.0784,False,True
1987230,2026-07-19,67.0516875,25,1.0,1.007393,1.007393,75,0.129313,False,False,False,False,0.0945,False,True
2030325,2026-08-03,980.3,25,1.0,59.563636,59.563636,75,0.025,False,False,False,False,0.075,True,True
2030325,2026-08-08,980.3845454545458,25,1.0,36.456768,36.456768,75,273.038788,False,False,False,False,0.075,True,True
2030325,2026-08-22,652.7069230769226,25,1.0,27.336923,27.336923,75,0.04641,False,False,False,False,0.075,True,True
2030325,2026-08-29,652.6583333333331,25,1.0,32.772333,32.772333,75,0.01881,False,False,False,False,0.075,True,True
2030325,2026-09-13,652.7299999999997,25,1.0,27.355833,27.355833,75,327.62,False,False,False,False,0.075,True,True
2030325,2026-09-19,980.4126666666672,25,1.0,32.868667,32.868667,75,327.637333,False,False,False,False,0.075,True,True
2030325,2026-09-22,1635.73,25,1.0,17.255789,17.255789,75,-1310.765,False,False,False,False,0.075,True,True
2030325,2026-09-26,652.75375,25,1.0,21.93575,21.93575,75,327.61625,False,False,False,False,0.075,True,True
2094607,2026-03-18,41.314,1,1.0,1.38,1.38,75,0.044,False,False,False,False,0.0775,False,True
2106185,2025-12-28,129.595,1,1.0,1.365,1.365,75,0.138,False,False,False,False,0.0773655,False,True
2148838,2026-03-20,199.41,1,1.0,1.97,1.97,120,0.17,False,False,False,False,0.075,False,True
2148838,2026-06-08,211.88,1,1.0,2.53,2.53,120,0.256,False,False,False,False,0.075,False,True
2148838,2026-08-22,219.016,24,1.0,1.386,1.386,120,2.334,False,False,False,False,0.075,False,True
2148838,2026-08-23,221.35,26,1.0,2.334,2.334,120,0.56,False,False,False,False,0.075,False,True
2158929,2026-06-02,309.918,1,1.0,1.038,1.038,75,0.122,False,False,False,False,0.028809500000000002,False,True
2158929,2026-08-19,324.43026666666674,25,1.0,1.046267,1.046267,75,1.593733,False,False,False,False,0.028809500000000002,False,True
2158929,2026-08-20,326.024,27,1.0,1.593733,1.593733,75,0.28,False,False,False,False,0.028809500000000002,False,True
2169603,2026-06-26,120.764,1,1.0,2.373,2.373,75,0.098,False,False,False,False,0.080795,False,True
2169603,2026-06-29,124.193,1,1.0,3.322,3.322,75,0.07,False,False,False,False,0.080795,False,True
2169603,2026-07-04,127.955,25,1.0,2.710857,2.710857,75,0.117,False,False,False,False,0.080795,False,True
2169603,2026-07-24,131.4446444444445,25,1.0,1.028106,1.028106,75,1.575186,False,False,False,False,0.080795,False,True
2169603,2026-07-25,133.0198307692307,25,1.0,1.575186,1.575186,75,0.089169,False,False,False,False,0.080795,False,True
2169603,2026-07-27,134.14,9,1.0,1.031,1.031,75,3.4531,False,False,False,False,0.080795,False,True
2169603,2026-07-28,137.59310000000005,25,1.0,3.4531,3.4531,75,7.258025,False,False,False,False,0.080795,False,True
2169603,2026-07-29,144.851125,25,1.0,7.258025,7.258025,75,2.292275,False,False,False,False,0.080795,True,True
2169603,2026-07-30,147.14340000000007,21,1.0,2.292275,2.292275,75,0.4956,False,False,False,False,0.080795,False,True
2199847,2026-08-13,616.6566666666668,25,1.0,1.931667,1.931667,75,1.345333,False,False,False,False,0.16,False,True
2199847,2026-09-08,627.1238095238095,27,1.0,2.16256,2.16256,75,0.20119,False,False,False,False,0.16,False,True
2358866,2025-11-24,7.119,5,1.0,2.475,2.475,75,0.201,False,False,False,False,0.1935,False,True
2383758,2025-12-26,244.311,1,1.0,12.815,12.815,75,3.829,False,False,False,False,0.295,True,True
2383758,2025-12-27,248.14,1,1.0,3.829,3.829,75,0.512,False,False,False,False,0.295,False,True
2589310,2026-03-14,1638.784,1,1.0,5.837,5.837,75,4.822,False,False,False,False,1.507612,True,False
2597486,2026-03-11,75.144,1,1.0,1.561,1.561,75,0.084,False,False,False,False,0.041,False,True
2655929,2026-05-29,286.0,1,1.0,1.125,1.125,75,1.11,False,False,False,False,0.02,False,True
2655929,2026-05-30,287.11,1,1.0,1.11,1.11,75,1.07,False,False,False,False,0.02,False,True
2655929,2026-05-31,288.18,1,1.0,1.07,1.07,75,1.06,False,False,False,False,0.02,False,True
2655929,2026-06-01,289.24,1,1.0,1.06,1.06,75,0.62,False,False,False,False,0.02,False,True
2657774,2026-04-18,59.969,1,1.0,7.743,7.743,75,0.0,False,False,False,False,0.09,True,True
2657774,2026-04-20,61.333,1,1.0,1.364,1.364,75,0.0,False,False,False,False,0.09,False,True
2962679,2026-08-05,78.771,21,1.0,1.29,1.29,75,3.817,False,False,False,False,0.046,False,True
2962679,2026-08-14,89.39745454545454,25,1.0,1.603455,1.603455,75,0.68986,False,False,False,False,0.046,False,True
2962679,2026-08-16,91.111,22,1.0,1.023685,1.023685,75,2.31825,False,False,False,False,0.046,False,True
2962679,2026-08-17,93.42925,3,1.0,2.31825,2.31825,75,0.09075,False,False,False,False,0.046,False,True
3025270,2026-08-06,2.237,13,1.0,1.180667,1.180667,75,0.106,False,False,False,False,0.11365449999999999,False,True
3027526,2026-09-02,75.0960000000001,23,1.0,5.663,5.663,75,-0.0,False,False,False,False,0.089,True,True
3036541,2025-10-12,120.642,1,1.0,1.94,1.94,75,3.29,False,False,False,False,0.07313,False,True
3036541,2025-10-13,123.932,1,1.0,3.29,3.29,75,2.454,False,False,False,False,0.07313,False,True
3036541,2025-10-14,126.386,1,1.0,2.454,2.454,75,1.619,False,False,False,False,0.07313,False,True
3036541,2025-10-15,128.005,1,1.0,1.619,1.619,75,1.314,False,False,False,False,0.07313,False,True
3036541,2025-10-16,129.31900000000002,1,1.0,1.314,1.314,75,2.782,False,False,False,False,0.07313,False,True
3036541,2025-10-17,132.101,1,1.0,2.782,2.782,75,2.002,False,False,False,False,0.07313,False,True
3036541,2025-10-18,134.103,1,1.0,2.002,2.002,75,1.854,False,False,False,False,0.07313,False,True
3036541,2025-10-19,135.957,1,1.0,1.854,1.854,75,0.824,False,False,False,False,0.07313,False,True
3036541,2026-01-16,145.133,1,1.0,2.426,2.426,75,2.221,False,False,False,False,0.07313,False,True
3036541,2026-01-17,147.354,1,1.0,2.221,2.221,75,1.657,False,False,False,False,0.07313,False,True
3036541,2026-01-18,149.011,1,1.0,1.657,1.657,75,2.036,False,False,False,False,0.07313,False,True
3036541,2026-01-19,151.047,1,1.0,2.036,2.036,75,1.926,False,False,False,False,0.07313,False,True
3036541,2026-01-20,152.973,1,1.0,1.926,1.926,75,1.889,False,False,False,False,0.07313,False,True
3036541,2026-01-21,154.862,1,1.0,1.889,1.889,75,1.851,False,False,False,False,0.07313,False,True
3036541,2026-01-22,156.713,1,1.0,1.851,1.851,75,1.828,False,False,False,False,0.07313,False,True
3036541,2026-01-23,158.541,1,1.0,1.828,1.828,75,1.769,False,False,False,False,0.07313,False,True
3036541,2026-01-24,160.31,1,1.0,1.769,1.769,75,1.265,False,False,False,False,0.07313,False,True
3036541,2026-01-25,161.57500000000002,1,1.0,1.265,1.265,75,1.364,False,False,False,False,0.07313,False,True
3036541,2026-01-26,162.939,1,1.0,1.364,1.364,75,1.563,False,False,False,False,0.07313,False,True
3036541,2026-01-27,164.502,1,1.0,1.563,1.563,75,1.263,False,False,False,False,0.07313,False,True
3036541,2026-01-28,165.765,1,1.0,1.263,1.263,75,0.837,False,False,False,False,0.07313,False,True
3036541,2026-02-02,171.018,1,1.0,1.956,1.956,75,1.807,False,False,False,False,0.07313,False,True
3036541,2026-02-03,172.82500000000002,1,1.0,1.807,1.807,75,1.449,False,False,False,False,0.07313,False,True
3036541,2026-02-04,174.274,1,1.0,1.449,1.449,75,1.799,False,False,False,False,0.07313,False,True
3036541,2026-02-05,176.073,1,1.0,1.799,1.799,75,1.97,False,False,False,False,0.07313,False,True
3036541,2026-02-06,178.043,1,1.0,1.97,1.97,75,1.976,False,False,False,False,0.07313,False,True
3036541,2026-02-07,180.019,1,1.0,1.976,1.976,75,1.978,False,False,False,False,0.07313,False,True
3036541,2026-02-08,181.997,1,1.0,1.978,1.978,75,2.11,False,False,False,False,0.07313,False,True
3036541,2026-02-09,184.107,1,1.0,2.11,2.11,75,1.831,False,False,False,False,0.07313,False,True
3036541,2026-02-10,185.938,1,1.0,1.831,1.831,75,1.553,False,False,False,False,0.07313,False,True
3036541,2026-02-11,187.491,1,1.0,1.553,1.553,75,1.726,False,False,False,False,0.07313,False,True
3036541,2026-02-12,189.217,1,1.0,1.726,1.726,75,1.806,False,False,False,False,0.07313,False,True
3036541,2026-02-13,191.023,1,1.0,1.806,1.806,75,1.637,False,False,False,False,0.07313,False,True
3036541,2026-02-14,192.66,1,1.0,1.637,1.637,75,1.495,False,False,False,False,0.07313,False,True
3036541,2026-02-15,194.155,1,1.0,1.495,1.495,75,1.1,False,False,False,False,0.07313,False,True
3036541,2026-02-16,195.255,1,1.0,1.1,1.1,75,1.005,False,False,False,False,0.07313,False,True
3036541,2026-02-17,196.26,1,1.0,1.005,1.005,75,0.989,False,False,False,False,0.07313,False,True
3036541,2026-02-23,202.999,1,1.0,1.434,1.434,75,1.17,False,False,False,False,0.07313,False,True
3036541,2026-02-24,204.169,1,1.0,1.17,1.17,75,1.172,False,False,False,False,0.07313,False,True
3036541,2026-02-25,205.341,1,1.0,1.172,1.172,75,0.781,False,False,False,False,0.07313,False,True
3036541,2026-02-28,208.174,1,1.0,1.495,1.495,75,1.887,False,False,False,False,0.07313,False,True
3036541,2026-03-01,210.061,1,1.0,1.887,1.887,75,1.957,False,False,False,False,0.07313,False,True
3036541,2026-03-02,212.018,1,1.0,1.957,1.957,75,1.806,False,False,False,False,0.07313,False,True
3036541,2026-03-03,213.824,1,1.0,1.806,1.806,75,1.775,False,False,False,False,0.07313,False,True
3036541,2026-03-04,215.599,1,1.0,1.775,1.775,75,0.99,False,False,False,False,0.07313,False,True
3036541,2026-03-09,219.596,1,1.0,1.447,1.447,75,1.51,False,False,False,False,0.07313,False,True
3036541,2026-03-10,221.106,1,1.0,1.51,1.51,75,2.056,False,False,False,False,0.07313,False,True
3036541,2026-03-15,225.919,1,1.0,1.568,1.568,75,1.986,False,False,False,False,0.07313,False,True
3036541,2026-03-16,227.905,1,1.0,1.986,1.986,75,3.027,False,False,False,False,0.07313,False,True
3036541,2026-03-17,230.932,1,1.0,3.027,3.027,75,1.538,False,False,False,False,0.07313,False,True
3036541,2026-03-18,232.47,1,1.0,1.538,1.538,75,1.832,False,False,False,False,0.07313,False,True
3036541,2026-03-19,234.302,1,1.0,1.832,1.832,75,2.373,False,False,False,False,0.07313,False,True
3036541,2026-03-20,236.675,1,1.0,2.373,2.373,75,1.38,False,False,False,False,0.07313,False,True
3036541,2026-03-21,238.055,1,1.0,1.38,1.38,75,1.67,False,False,False,False,0.07313,False,True
3036541,2026-03-22,239.725,1,1.0,1.67,1.67,75,2.67,False,False,False,False,0.07313,False,True
3036541,2026-03-23,242.395,1,1.0,2.67,2.67,75,1.645,False,False,False,False,0.07313,False,True
3036541,2026-03-24,244.04,1,1.0,1.645,1.645,75,0.948,False,False,False,False,0.07313,False,True
3061801,2025-10-13,177.845,1,1.0,1.809,1.809,75,0.047,False,False,False,False,0.056171,False,True
3077004,2025-12-20,86.36,1,1.0,4.468,4.468,75,1.167,False,False,False,False,0.082,False,True
3199070,2025-12-03,61.568,1,1.0,1.626,1.626,75,0.128,False,False,False,False,0.047625,False,True
3199070,2026-07-17,81.04278947368421,25,1.0,1.957932,1.957932,75,1.849961,False,False,False,False,0.047625,False,True
3199070,2026-07-18,82.89275,25,1.0,1.849961,1.849961,75,0.25025,False,False,False,False,0.047625,False,True
3199070,2026-09-03,87.4598,25,1.0,1.367976,1.367976,75,0.073325,False,False,False,False,0.047625,False,True
3199070,2026-09-22,91.221,21,1.0,1.141778,1.141778,75,0.346545,False,False,False,False,0.047625,False,True
3199070,2026-09-24,93.05233333333334,23,1.0,1.484788,1.484788,75,0.023333,False,False,False,False,0.047625,False,True
3290491,2025-10-03,1299.915,1,1.0,5.118,5.118,75,2.858,False,False,False,False,1.3551250000000001,True,False
3347433,2026-09-11,961.1062727272728,25,1.0,6.291273,6.291273,75,0.410727,False,False,False,False,0.629,True,True
3347458,2026-06-04,130.524,2,1.0,2.864,2.864,75,0.066,False,False,False,False,0.034,False,True
3445926,2025-10-16,837.643,1,1.0,5.295,5.295,120,0.917,False,False,False,False,1.3695,True,False
3445926,2025-10-23,852.33,1,1.0,6.289,6.289,120,5.581,False,False,False,False,1.3695,True,False
3445926,2025-10-24,857.9110000000001,1,1.0,5.581,5.581,120,6.241,False,False,False,False,1.3695,True,False
3445926,2025-10-25,864.152,1,1.0,6.241,6.241,120,11.181,False,False,False,False,1.3695,True,False
3445926,2025-10-26,875.333,1,1.0,11.181,11.181,120,9.668,False,False,False,False,1.3695,True,False
3445926,2025-10-27,885.001,1,1.0,9.668,9.668,120,10.364,False,False,False,False,1.3695,True,False
3445926,2025-10-28,895.365,1,1.0,10.364,10.364,120,34.411,False,False,False,False,1.3695,True,False
3445926,2025-11-06,936.479,1,1.0,6.703,6.703,120,4.03,False,False,False,False,1.3695,True,False
3445926,2025-11-09,950.118,1,1.0,5.61,5.61,120,4.029,False,False,False,False,1.3695,True,False
3445926,2025-12-26,1033.251,1,1.0,7.052,7.052,120,5.122,False,False,False,False,1.3695,True,False
3445926,2025-12-27,1038.373,1,1.0,5.122,5.122,120,2.336,False,False,False,False,1.3695,True,False
3445926,2026-01-03,1055.919,1,1.0,5.714,5.714,120,10.793,False,False,False,False,1.3695,True,False
3445926,2026-01-04,1066.712,1,1.0,10.793,10.793,120,2.518,False,False,False,False,1.3695,True,False
3445926,2026-01-06,1075.708,1,1.0,6.478,6.478,120,7.948,False,False,False,False,1.3695,True,False
3445926,2026-01-07,1083.656,1,1.0,7.948,7.948,120,6.543,False,False,False,False,1.3695,True,False
3445926,2026-01-08,1090.199,1,1.0,6.543,6.543,120,8.6,False,False,False,False,1.3695,True,False
3445926,2026-01-09,1098.799,1,1.0,8.6,8.6,120,3.218,False,False,False,False,1.3695,True,False
3445926,2026-01-18,1127.087,1,1.0,5.849,5.849,120,7.611,False,False,False,False,1.3695,True,False
3445926,2026-03-11,1203.678,1,1.0,5.16,5.16,120,2.89,False,False,False,False,1.3695,True,False
3445926,2026-05-01,1303.596,1,1.0,5.953,5.953,120,2.696,False,False,False,False,1.3695,True,False
3445926,2026-05-22,1360.492,1,1.0,5.179,5.179,120,9.404,False,False,False,False,1.3695,True,False
3445926,2026-07-13,1451.7523749999984,25,1.0,6.048025,6.048025,120,5.622175,False,False,False,False,1.3695,True,False
3445926,2026-07-14,1457.374549999999,25,1.0,5.622175,5.622175,120,0.92045,False,False,False,False,1.3695,True,False
3445926,2026-08-30,1542.0760833333316,25,1.0,5.538031,5.538031,120,4.363917,False,False,False,False,1.3695,True,False
3445926,2026-09-11,1586.1734731182787,24,1.0,5.902459,5.902459,120,5.439131,False,False,False,False,1.3695,True,False
3445926,2026-09-12,1591.6126039215678,25,1.0,5.439131,5.439131,120,4.032396,False,False,False,False,1.3695,True,False
3445926,2026-09-15,1601.7479999999985,23,1.0,6.103,6.103,120,1.172,False,False,False,False,1.3695,True,False
3445926,2026-09-21,1621.24825,25,1.0,5.022833,5.022833,120,0.41875,False,False,False,False,1.3695,True,False
3608551,2026-01-12,30.04,1,1.0,3.977,3.977,75,0.057,False,False,False,False,0.0835,False,True
3743114,2026-07-29,231.27020833333324,25,1.0,5.160833,5.160833,75,5.733208,False,False,False,False,0.4975,True,True
3743114,2026-07-30,237.00341666666677,25,1.0,5.733208,5.733208,75,3.625208,False,False,False,False,0.4975,True,True
3917615,2026-06-12,41.526,1,1.0,2.554,2.554,75,0.073,False,False,False,False,0.156421,False,True
4072376,2026-03-03,268.144,1,1.0,1.136,1.136,75,0.087,False,False,False,False,0.091861,False,True
4155583,2025-11-30,2.531,1,1.0,2.16,2.16,75,2.939,False,False,False,False,0.185,False,True
4155583,2025-12-05,13.089,1,1.0,4.539,4.539,75,3.615,False,False,False,False,0.185,False,True
4155583,2025-12-06,16.704,1,1.0,3.615,3.615,75,0.116,False,False,False,False,0.185,False,True
4476018,2025-12-12,92.833,1,1.0,4.315,4.315,75,0.512,False,False,False,False,0.21456799999999998,False,True
4476018,2026-07-05,143.57,17,1.0,3.206545,3.206545,75,4.318,False,False,False,False,0.21456799999999998,False,True
4619913,2025-10-10,166.752,1,1.0,2.834,2.834,75,0.0,False,False,False,False,0.265,False,True
4632401,2025-12-31,88.758,1,1.0,1.543,1.543,75,1.792,False,False,False,False,0.07075,False,True
4632401,2026-01-01,90.55,1,1.0,1.792,1.792,75,0.407,False,False,False,False,0.07075,False,True
4632401,2026-01-09,93.468,1,1.0,2.215,2.215,75,0.032,False,False,False,False,0.07075,False,True
4632401,2026-03-16,98.272,1,1.0,1.134,1.134,75,0.039,False,False,False,False,0.07075,False,True
4673022,2026-08-13,19.487,6,1.0,1.102,1.102,75,0.676,False,False,False,False,0.038,False,True
4673022,2026-08-17,21.651,12,1.0,1.111,1.111,75,0.311,False,False,False,False,0.038,False,True
4673022,2026-09-27,29.062,28,1.0,4.977,4.977,75,2.542,False,False,False,False,0.038,False,True
4673022,2026-09-28,31.604,20,1.0,2.542,2.542,75,0.967,False,False,False,False,0.038,False,True
4673022,2026-09-30,34.537,6,1.0,1.966,1.966,75,,False,False,False,False,0.038,False,True
4725354,2026-09-06,224.804475,24,1.0,2.628475,2.628475,75,1.527525,False,False,False,False,0.236,False,True
4788930,2026-03-25,8.497,1,1.0,4.448,4.448,75,1.744,False,False,False,False,0.12775,False,True
4788930,2026-03-26,10.241,1,1.0,1.744,1.744,75,3.907,False,False,False,False,0.12775,False,True
4788930,2026-03-30,15.503,1,1.0,1.355,1.355,75,0.508,False,False,False,False,0.12775,False,True
4788930,2026-04-05,23.457,1,1.0,3.339,3.339,75,0.331,False,False,False,False,0.12775,False,True
4788930,2026-04-20,33.237,1,1.0,1.288,1.288,75,1.12,False,False,False,False,0.12775,False,True
4895719,2026-07-15,7.2275,25,1.0,1.084735,1.084735,75,0.590278,False,False,False,False,0.1,False,True
4945470,2025-10-25,2566.565,1,1.0,5.399,5.399,75,4.718,False,False,False,False,4.726,True,False
4945470,2025-12-13,2761.56,1,1.0,6.101,6.101,75,5.511,False,False,False,False,4.726,True,False
4945470,2025-12-14,2767.071,1,1.0,5.511,5.511,75,5.319,False,False,False,False,4.726,True,False
4945470,2025-12-15,2772.39,1,1.0,5.319,5.319,75,8.102,False,False,False,False,4.726,True,False
4945470,2025-12-16,2780.492,1,1.0,8.102,8.102,75,10.696,False,False,False,False,4.726,True,False
4945470,2025-12-17,2791.188,1,1.0,10.696,10.696,75,5.576,False,False,False,False,4.726,True,False
4945470,2025-12-18,2796.764,1,1.0,5.576,5.576,75,4.335,False,False,False,False,4.726,True,False
4945470,2025-12-29,2845.629,1,1.0,5.104,5.104,75,4.547,False,False,False,False,4.726,True,False
4945470,2026-01-07,2879.044,1,1.0,5.024,5.024,75,4.669,False,False,False,False,4.726,True,False
4945470,2026-01-16,2920.092,1,1.0,5.014,5.014,75,4.31,False,False,False,False,4.726,True,False
4945470,2026-01-27,2980.205,1,1.0,8.045,8.045,75,5.466,False,False,False,False,4.726,True,False
4945470,2026-01-28,2985.6710000000003,1,1.0,5.466,5.466,75,7.937,False,False,False,False,4.726,True,False
4945470,2026-01-29,2993.608,1,1.0,7.937,7.937,75,11.736,False,False,False,False,4.726,True,False
4945470,2026-01-30,3005.344,1,1.0,11.736,11.736,75,15.01,False,False,False,False,4.726,True,False
4945470,2026-01-31,3020.3540000000003,1,1.0,15.01,15.01,75,12.776,False,False,False,False,4.726,True,False
4945470,2026-02-01,3033.13,1,1.0,12.776,12.776,75,15.344,False,False,False,False,4.726,True,False
4945470,2026-02-02,3048.474,1,1.0,15.344,15.344,75,14.336,False,False,False,False,4.726,True,False
4945470,2026-02-03,3062.81,1,1.0,14.336,14.336,75,16.68,False,False,False,False,4.726,True,False
4945470,2026-02-04,3079.49,1,1.0,16.68,16.68,75,12.083,False,False,False,False,4.726,True,False
4945470,2026-02-05,3091.573,1,1.0,12.083,12.083,75,15.081,False,False,False,False,4.726,True,False
4945470,2026-02-06,3106.654,1,1.0,15.081,15.081,75,15.794,False,False,False,False,4.726,True,False
4945470,2026-02-07,3122.448,1,1.0,15.794,15.794,75,9.034,False,False,False,False,4.726,True,False
4945470,2026-02-08,3131.482,1,1.0,9.034,9.034,75,24.367,False,False,False,False,4.726,True,False
4945470,2026-02-11,3169.7380000000003,1,1.0,13.889,13.889,75,14.445,False,False,False,False,4.726,True,False
4945470,2026-02-12,3184.183,1,1.0,14.445,14.445,75,14.887,False,False,False,False,4.726,True,False
4945470,2026-02-13,3199.07,1,1.0,14.887,14.887,75,14.816,False,False,False,False,4.726,True,False
4945470,2026-02-14,3213.886,1,1.0,14.816,14.816,75,27.469,False,False,False,False,4.726,True,False
4945470,2026-02-17,3247.012,1,1.0,5.657,5.657,75,12.208,False,False,False,False,4.726,True,False
4945470,2026-02-22,3275.649,1,1.0,5.1,5.1,75,4.848,False,False,False,False,4.726,True,False
4945470,2026-03-01,3311.298,1,1.0,5.43,5.43,75,5.278,False,False,False,False,4.726,True,False
4945470,2026-03-02,3316.576,1,1.0,5.278,5.278,75,4.482,False,False,False,False,4.726,True,False
4945470,2026-03-08,3348.509,1,1.0,6.924,6.924,75,6.654,False,False,False,False,4.726,True,False
4945470,2026-03-09,3355.163,1,1.0,6.654,6.654,75,7.151,False,False,False,False,4.726,True,False
4945470,2026-03-10,3362.314,1,1.0,7.151,7.151,75,9.56,False,False,False,False,4.726,True,False
4945470,2026-03-11,3371.8740000000003,1,1.0,9.56,9.56,75,6.36,False,False,False,False,4.726,True,False
4945470,2026-03-12,3378.234,1,1.0,6.36,6.36,75,6.164,False,False,False,False,4.726,True,False
4945470,2026-03-13,3384.398,1,1.0,6.164,6.164,75,10.949,False,False,False,False,4.726,True,False
4945470,2026-03-14,3395.347,1,1.0,10.949,10.949,75,7.577,False,False,False,False,4.726,True,False
4945470,2026-03-15,3402.924,1,1.0,7.577,7.577,75,15.655,False,False,False,False,4.726,True,False
4945470,2026-03-16,3418.579,1,1.0,15.655,15.655,75,8.898,False,False,False,False,4.726,True,False
4945470,2026-03-17,3427.477,1,1.0,8.898,8.898,75,22.244,False,False,False,False,4.726,True,False
4945470,2026-03-20,3462.9120000000003,1,1.0,13.191,13.191,75,13.068,False,False,False,False,4.726,True,False
4945470,2026-03-21,3475.98,1,1.0,13.068,13.068,75,14.909,False,False,False,False,4.726,True,False
4945470,2026-03-22,3490.889,1,1.0,14.909,14.909,75,15.578,False,False,False,False,4.726,True,False
4945470,2026-03-23,3506.467,1,1.0,15.578,15.578,75,16.19,False,False,False,False,4.726,True,False
4945470,2026-03-24,3522.657,1,1.0,16.19,16.19,75,12.691,False,False,False,False,4.726,True,False
4945470,2026-03-25,3535.348,1,1.0,12.691,12.691,75,13.997,False,False,False,False,4.726,True,False
4945470,2026-03-26,3549.3450000000003,1,1.0,13.997,13.997,75,11.893,False,False,False,False,4.726,True,False
4945470,2026-03-27,3561.2380000000003,1,1.0,11.893,11.893,75,10.679,False,False,False,False,4.726,True,False
4945470,2026-03-28,3571.917,1,1.0,10.679,10.679,75,8.49,False,False,False,False,4.726,True,False
4945470,2026-03-29,3580.407,1,1.0,8.49,8.49,75,6.759,False,False,False,False,4.726,True,False
4945470,2026-03-30,3587.166,1,1.0,6.759,6.759,75,6.199,False,False,False,False,4.726,True,False
4945470,2026-03-31,3593.365,1,1.0,6.199,6.199,75,6.118,False,False,False,False,4.726,True,False
4945470,2026-04-01,3599.483,1,1.0,6.118,6.118,75,7.228,False,False,False,False,4.726,True,False
4945470,2026-04-02,3606.711,1,1.0,7.228,7.228,75,6.926,False,False,False,False,4.726,True,False
4945470,2026-04-03,3613.637,1,1.0,6.926,6.926,75,6.439,False,False,False,False,4.726,True,False
4945470,2026-04-04,3620.076,1,1.0,6.439,6.439,75,6.553,False,False,False,False,4.726,True,False
4945470,2026-04-05,3626.629,1,1.0,6.553,6.553,75,7.367,False,False,False,False,4.726,True,False
4945470,2026-04-06,3633.996,1,1.0,7.367,7.367,75,7.248,False,False,False,False,4.726,True,False
4945470,2026-04-07,3641.244,1,1.0,7.248,7.248,75,6.485,False,False,False,False,4.726,True,False
4945470,2026-04-08,3647.729,1,1.0,6.485,6.485,75,6.837,False,False,False,False,4.726,True,False
4945470,2026-04-09,3654.566,1,1.0,6.837,6.837,75,18.499,False,False,False,False,4.726,True,False
4945470,2026-04-13,3679.174,1,1.0,6.109,6.109,75,41.345,False,False,False,False,4.726,True,False
4945470,2026-04-24,3797.921,1,1.0,7.382,7.382,75,14.652,False,False,False,False,4.726,True,False
4945470,2026-04-27,3820.009,1,1.0,7.436,7.436,75,7.551,False,False,False,False,4.726,True,False
4945470,2026-04-28,3827.56,1,1.0,7.551,7.551,75,7.964,False,False,False,False,4.726,True,False
4945470,2026-04-29,3835.524,1,1.0,7.964,7.964,75,29.564,False,False,False,False,4.726,True,False
4945470,2026-05-04,3872.258,1,1.0,7.17,7.17,75,8.752,False,False,False,False,4.726,True,False
4945470,2026-05-05,3881.01,1,1.0,8.752,8.752,75,20.265,False,False,False,False,4.726,True,False
4945470,2026-05-06,3901.275,1,1.0,20.265,20.265,75,14.121,False,False,False,False,4.726,True,False
4945470,2026-05-07,3915.396,1,1.0,14.121,14.121,75,8.386,False,False,False,False,4.726,True,False
4945470,2026-05-08,3923.782,1,1.0,8.386,8.386,75,22.912,False,False,False,False,4.726,True,False
4945470,2026-08-30,5131.035,10,1.0,7.460625,7.460625,75,30.716,False,False,False,False,4.726,True,False
4945470,2026-09-16,5460.835999999996,25,1.0,14.254625,14.254625,75,15.705375,False,False,False,False,4.726,True,False
4945470,2026-09-17,5476.541375,25,1.0,15.705375,15.705375,75,13.29625,False,False,False,False,4.726,True,False
4945470,2026-09-18,5489.837625000005,25,1.0,13.29625,13.29625,75,12.098875,False,False,False,False,4.726,True,False
4945470,2026-09-19,5501.936500000004,25,1.0,12.098875,12.098875,75,12.76675,False,False,False,False,4.726,True,False
4945470,2026-09-20,5514.703250000005,25,1.0,12.76675,12.76675,75,4.87275,False,False,False,False,4.726,True,False
4964924,2026-04-04,266.75,1,1.0,2.87,2.87,75,0.33,False,False,False,False,0.12,False,True
4964924,2026-09-06,298.028,25,1.0,2.119613,2.119613,75,0.104727,False,False,False,False,0.12,False,True
4991592,2025-11-27,373.96,1,1.0,1.64,1.64,75,0.31,False,False,False,False,0.1455,False,True
5134263,2026-07-07,123.27775,24,1.0,2.655312,2.655312,75,0.01925,False,False,False,False,0.126,False,True
5234893,2026-06-11,137.434,8,1.0,5.244,5.244,75,0.755,False,False,False,False,0.551,True,False
5262334,2025-11-16,86.46000000000001,1,1.0,1.999,1.999,75,0.026,False,False,False,False,0.120518,False,True
5282823,2026-08-17,80.95819642857144,25,1.0,1.122241,1.122241,75,0.540951,False,False,False,False,0.111867,False,True
5433294,2026-02-14,16.088,1,1.0,1.392,1.392,75,0.067,False,False,False,False,0.1155,False,True
5433406,2025-11-23,2543.998,1,1.0,7.413,7.413,75,22.954,False,False,False,False,0.449454,True,True
5433406,2025-11-24,2566.952,1,1.0,22.954,22.954,75,0.539,False,False,False,False,0.449454,True,True
5433406,2025-12-10,2579.072,1,1.0,6.088,6.088,75,3.36,False,False,False,False,0.449454,True,True
5540392,2025-10-04,1781.9,1,1.0,1.31,1.31,75,0.66,False,False,False,False,0.06,False,True
5540392,2026-05-10,1806.45,1,1.0,6.81,6.81,75,1.42,False,False,False,False,0.06,True,True
5540392,2026-05-11,1807.87,1,1.0,1.42,1.42,75,0.92,False,False,False,False,0.06,False,True
5540392,2026-06-16,1814.496,1,1.0,1.096,1.096,75,0.064,False,False,False,False,0.06,False,True
5540392,2026-06-24,1816.35,1,1.0,1.377,1.377,75,0.12,False,False,False,False,0.06,False,True
5540392,2026-09-21,1839.385,25,1.0,2.175,2.175,75,1.32,False,False,False,False,0.06,False,True
5540392,2026-09-22,1840.705,6,1.0,1.32,1.32,75,6.095,False,False,False,False,0.06,False,True
5650398,2026-08-10,23.7725,25,1.0,1.071,1.071,75,1.110167,False,False,False,False,0.044,False,True
5650398,2026-08-11,24.882666666666672,25,1.0,1.110167,1.110167,75,0.977583,False,False,False,False,0.044,False,True
5650398,2026-08-13,26.98875,25,1.0,1.1285,1.1285,75,1.18725,False,False,False,False,0.044,False,True
5650398,2026-08-14,28.176,25,1.0,1.18725,1.18725,75,0.71525,False,False,False,False,0.044,False,True
5838414,2025-11-26,3.638,1,1.0,3.58,3.58,75,0.0,False,False,False,False,0.037286,False,True
5856988,2025-12-24,91.04,1,1.0,2.192,2.192,75,1.446,False,False,False,False,0.179,False,True
5856988,2026-01-09,104.918,1,1.0,1.92,1.92,75,1.513,False,False,False,False,0.179,False,True
5856988,2026-01-11,108.252,1,1.0,1.821,1.821,75,0.713,False,False,False,False,0.179,False,True
5856988,2026-01-13,111.316,1,1.0,2.351,2.351,75,0.525,False,False,False,False,0.179,False,True
5856988,2026-01-27,125.184,1,1.0,2.14,2.14,75,2.222,False,False,False,False,0.179,False,True
5856988,2026-01-28,127.406,1,1.0,2.222,2.222,75,0.62,False,False,False,False,0.179,False,True
5856988,2026-05-12,170.609,1,1.0,2.056,2.056,75,0.287,False,False,False,False,0.179,False,True
5871865,2026-01-27,4.24,1,1.0,2.37,2.37,75,2.391,False,False,False,False,0.20514300000000002,False,True
5871865,2026-01-28,6.631,1,1.0,2.391,2.391,75,2.935,False,False,False,False,0.20514300000000002,False,True
5927111,2025-10-28,5274.055,2,1.0,5.245,5.245,120,7.645,False,False,False,False,2.78,True,False
5927111,2025-11-09,5309.14,1,1.0,5.88,5.88,120,3.21,False,False,False,False,2.78,True,False
5927111,2025-12-30,5436.85,1,1.0,8.57,8.57,120,3.576,False,False,False,False,2.78,True,False
5927111,2026-03-17,5635.51,1,1.0,6.09,6.09,120,5.31,False,False,False,False,2.78,True,False
5927111,2026-07-02,6197.695945945946,10,1.0,14.777946,14.777946,120,6.594054,False,False,False,False,2.78,True,False
5927111,2026-07-03,6204.29,16,1.0,6.594054,6.594054,120,13.8436,False,False,False,False,2.78,True,False
5927111,2026-07-09,6232.703846153846,9,1.0,5.256846,5.256846,120,4.304302,False,False,False,False,2.78,True,False
5927111,2026-08-08,6385.46,22,1.0,6.382895,6.382895,120,30.284634,False,False,False,False,2.78,True,False
5927111,2026-08-13,6421.06,22,1.0,5.315366,5.315366,120,12.55,False,False,False,False,2.78,True,False
5927111,2026-09-15,6587.671052631578,25,1.0,5.259828,5.259828,120,4.851675,False,False,False,False,2.78,True,False
6065567,2026-05-05,6.74,1,1.0,1.532,1.532,75,0.037,False,False,False,False,0.025,False,True
6112822,2026-09-25,430.5876923076923,25,1.0,1.180324,1.180324,75,0.272308,False,False,False,False,0.09,False,True
6155873,2025-12-17,197.825,1,1.0,3.346,3.346,75,3.397,False,False,False,False,0.28200000000000003,False,True
6155873,2025-12-18,201.222,1,1.0,3.397,3.397,75,3.436,False,False,False,False,0.28200000000000003,False,True
6155873,2025-12-19,204.658,1,1.0,3.436,3.436,75,4.4,False,False,False,False,0.28200000000000003,False,True
6155873,2025-12-20,209.058,1,1.0,4.4,4.4,75,4.735,False,False,False,False,0.28200000000000003,False,True
6155873,2025-12-21,213.793,1,1.0,4.735,4.735,75,4.507,False,False,False,False,0.28200000000000003,False,True
6155873,2025-12-22,218.3,1,1.0,4.507,4.507,75,0.309,False,False,False,False,0.28200000000000003,False,True
6192312,2026-09-12,11.938736842105264,25,1.0,1.070937,1.070937,75,0.550138,False,False,False,False,0.055,False,True
6231672,2025-10-07,1230.829,1,1.0,5.156,5.156,75,4.688,False,False,False,False,1.132,True,False
6330083,2026-06-09,350.076,1,1.0,2.038,2.038,75,1.518,False,False,False,False,0.151,False,True
6330083,2026-06-10,351.594,1,1.0,1.518,1.518,75,2.942,False,False,False,False,0.151,False,True
6330083,2026-06-11,354.536,1,1.0,2.942,2.942,75,1.593,False,False,False,False,0.151,False,True
6330083,2026-06-12,356.129,1,1.0,1.593,1.593,75,0.559,False,False,False,False,0.151,False,True
6330083,2026-06-15,358.959,1,1.0,1.683,1.683,75,0.854,False,False,False,False,0.151,False,True
6374140,2026-03-05,7.147,1,1.0,1.164,1.164,75,1.872,False,False,False,False,0.113,False,True
6374140,2026-03-06,9.019,1,1.0,1.872,1.872,75,1.331,False,False,False,False,0.113,False,True
6374140,2026-03-07,10.35,1,1.0,1.331,1.331,75,0.046,False,False,False,False,0.113,False,True
6374140,2026-03-13,12.924,1,1.0,1.413,1.413,75,0.063,False,False,False,False,0.113,False,True
6374140,2026-04-26,37.029,1,1.0,1.743,1.743,75,3.276,False,False,False,False,0.113,False,True
6374140,2026-04-27,40.305,1,1.0,3.276,3.276,75,0.169,False,False,False,False,0.113,False,True
6374140,2026-05-01,46.082,1,1.0,3.398,3.398,75,1.269,False,False,False,False,0.113,False,True
6374140,2026-05-02,47.351,1,1.0,1.269,1.269,75,0.697,False,False,False,False,0.113,False,True
6374140,2026-05-04,50.117,1,1.0,2.069,2.069,75,0.791,False,False,False,False,0.113,False,True
6508448,2025-11-30,123.453,1,1.0,1.067,1.067,75,0.444,False,False,False,False,0.087,False,True
6817583,2025-10-24,374.66,1,1.0,1.45,1.45,75,0.8,False,False,False,False,0.128235,False,True
6817583,2025-10-26,376.83,1,1.0,1.37,1.37,75,0.17,False,False,False,False,0.128235,False,True
6817583,2026-03-01,403.7,2,1.0,1.6,1.6,75,0.52,False,False,False,False,0.128235,False,True
6817583,2026-03-30,417.39,1,1.0,1.41,1.41,75,0.083,False,False,False,False,0.128235,False,True
6817583,2026-04-25,422.9,1,1.0,1.44,1.44,75,0.51,False,False,False,False,0.128235,False,True
6868714,2025-12-07,32.498,1,1.0,3.338,3.338,75,0.0,False,False,False,False,0.012,False,True
6929058,2025-10-08,646.44,1,1.0,3.92,3.92,75,1.01,False,False,False,False,0.223,False,True
6929058,2025-11-27,661.36,1,1.0,3.85,3.85,75,2.851,False,False,False,False,0.223,False,True
6929058,2025-11-28,664.211,2,1.0,2.851,2.851,75,0.179,False,False,False,False,0.223,False,True
6929058,2025-12-05,672.703,2,1.0,5.183,5.183,75,3.857,False,False,False,False,0.223,True,True
6929058,2025-12-06,676.56,1,1.0,3.857,3.857,75,0.13,False,False,False,False,0.223,False,True
6929058,2026-09-23,828.098,26,1.0,7.628,7.628,75,5.822,False,False,False,False,0.223,True,True
6929058,2026-09-24,833.92,25,1.0,5.822,5.822,75,0.73303,False,False,False,False,0.223,True,True
6947111,2026-01-29,284.882,1,1.0,1.428,1.428,75,0.098,False,False,False,False,0.142,False,True
7093326,2026-06-25,1332.405,1,1.0,6.217,6.217,75,2.94,False,False,False,False,1.931,True,False
7128336,2026-01-05,107.822,1,1.0,1.54,1.54,75,0.057,False,False,False,False,0.1315,False,True
7155390,2025-11-07,1.773,1,1.0,1.576,1.576,75,0.278,False,False,False,False,0.062,False,True
7304195,2026-09-07,123.89299999999994,16,1.0,6.772,6.772,75,3.16,False,False,False,False,0.346016,True,True
7438167,2025-12-07,333.915,1,1.0,5.319,5.319,75,3.592,False,False,False,False,0.306,True,True
7438167,2025-12-08,337.507,1,1.0,3.592,3.592,75,1.207,False,False,False,False,0.306,False,True
7526447,2026-05-30,22.261,1,1.0,1.601,1.601,75,0.011,False,False,False,False,0.02,False,True
7554572,2026-04-14,111.978,1,1.0,3.0,3.0,75,0.156,False,False,False,False,0.208,False,True
7554572,2026-08-06,130.999,20,1.0,2.575176,2.575176,75,1.397529,False,False,False,False,0.208,False,True
7554572,2026-09-13,145.015,25,1.0,2.898286,2.898286,75,0.187545,False,False,False,False,0.208,False,True
7557363,2025-10-13,481.43,1,1.0,5.578,5.578,75,0.322,False,False,False,False,0.3635,True,True
7557363,2025-11-17,501.39,1,1.0,6.458,6.458,75,5.569,False,False,False,False,0.3635,True,True
7557363,2025-11-18,506.959,1,1.0,5.569,5.569,75,0.0,False,False,False,False,0.3635,True,True
7557363,2026-05-11,574.941,1,1.0,5.229,5.229,75,0.002,False,False,False,False,0.3635,True,True
7557363,2026-07-10,595.4732380952381,22,1.0,3.762056,3.762056,75,0.35407,False,False,False,False,0.3635,False,True
7587131,2026-09-24,5.264,8,1.0,1.025,1.025,75,0.213,False,False,False,False,0.068,False,True
7594285,2026-03-22,197.19,1,1.0,1.1,1.1,75,0.03,False,False,False,False,0.07,False,True
7606637,2026-08-31,26.138,15,1.0,1.701,1.701,75,0.144,False,False,False,False,0.114,False,True
7611765,2025-12-19,94.071,1,1.0,1.591,1.591,75,0.343,False,False,False,False,0.106,False,True
7611765,2026-03-24,113.845,2,1.0,5.695,5.695,75,0.642,False,False,False,False,0.106,True,True
7626821,2026-02-16,49.449,1,1.0,1.033,1.033,75,0.0,False,False,False,False,0.032,False,True
7626821,2026-02-23,58.566,1,1.0,8.4,8.4,75,0.0,False,False,False,False,0.032,True,True
7654177,2026-07-30,108.695,23,1.0,1.137933,1.137933,75,0.091167,False,False,False,False,0.09,False,True
7766200,2025-10-18,440.572,1,1.0,1.784,1.784,75,0.0,False,False,False,False,0.149,False,True
7766200,2025-11-09,442.345,1,1.0,1.566,1.566,75,0.432,False,False,False,False,0.149,False,True
7766200,2025-11-17,447.98,1,1.0,2.613,2.613,75,0.16,False,False,False,False,0.149,False,True
7766200,2025-12-04,452.539,1,1.0,1.666,1.666,75,0.279,False,False,False,False,0.149,False,True
7793994,2026-06-07,12.688,1,1.0,1.828,1.828,75,0.326,False,False,False,False,0.09423100000000001,False,True
7793994,2026-07-03,18.761,20,1.0,1.203,1.203,75,1.163,False,False,False,False,0.09423100000000001,False,True
7793994,2026-07-04,19.924,20,1.0,1.163,1.163,75,0.078,False,False,False,False,0.09423100000000001,False,True
7823655,2026-09-13,25.873,7,1.0,1.765,1.765,75,0.66,False,False,False,False,0.074,False,True
7823655,2026-09-24,32.346000000000004,11,1.0,2.084455,2.084455,75,3.02455,False,False,False,False,0.074,False,True
7823655,2026-09-25,35.37054999999995,23,1.0,3.02455,3.02455,75,0.27645,False,False,False,False,0.074,False,True
7826125,2025-10-19,32.795,2,1.0,31.825,31.825,75,0.0,False,False,False,False,0.123,True,True
7945237,2026-07-17,283.3994117647058,25,1.0,1.113452,1.113452,75,0.206742,False,False,False,False,0.103537,False,True
7951890,2026-07-14,32.4408,23,1.0,1.1378,1.1378,75,0.0772,False,False,False,False,0.085,False,True
8165855,2026-08-07,135.11480000000006,23,1.0,1.2468,1.2468,75,1.920508,False,False,False,False,0.077,False,True
8165855,2026-08-08,137.03530769230775,25,1.0,1.920508,1.920508,75,0.100692,False,False,False,False,0.077,False,True
8260607,2025-10-17,469.961,2,1.0,1.411,1.411,75,0.159,False,False,False,False,0.131643,False,True
8260607,2025-11-13,478.13,1,1.0,1.602,1.602,75,4.994,False,False,False,False,0.131643,False,True
8260607,2025-11-14,483.124,2,1.0,4.994,4.994,75,7.786,False,False,False,False,0.131643,False,True
8260607,2025-11-15,490.91,1,1.0,7.786,7.786,75,8.94,False,False,False,False,0.131643,True,True
8260607,2025-11-16,499.85,1,1.0,8.94,8.94,75,7.66,False,False,False,False,0.131643,True,True
8260607,2025-11-17,507.51,1,1.0,7.66,7.66,75,8.72,False,False,False,False,0.131643,True,True
8260607,2025-11-18,516.23,1,1.0,8.72,8.72,75,1.61,False,False,False,False,0.131643,True,True
8260607,2025-11-19,517.84,1,1.0,1.61,1.61,75,0.09,False,False,False,False,0.131643,False,True
8260607,2026-01-25,529.16,1,1.0,1.43,1.43,75,0.23,False,False,False,False,0.131643,False,True
8260607,2026-02-01,531.51,1,1.0,1.78,1.78,75,0.1,False,False,False,False,0.131643,False,True
8309774,2025-12-16,91.62,1,1.0,3.874,3.874,75,10.245,False,False,False,False,0.2735,False,True
8309774,2025-12-17,101.865,1,1.0,10.245,10.245,75,0.001,False,False,False,False,0.2735,True,True
8309774,2025-12-24,108.044,1,1.0,3.606,3.606,75,10.047,False,False,False,False,0.2735,False,True
8309774,2025-12-25,118.091,1,1.0,10.047,10.047,75,11.917,False,False,False,False,0.2735,True,True
8309774,2025-12-26,130.008,1,1.0,11.917,11.917,75,11.913,False,False,False,False,0.2735,True,True
8309774,2025-12-27,141.921,1,1.0,11.913,11.913,75,8.796,False,False,False,False,0.2735,True,True
8309774,2025-12-28,150.717,1,1.0,8.796,8.796,75,0.158,False,False,False,False,0.2735,True,True
8442176,2026-08-15,128.1686363636363,23,1.0,5.527636,5.527636,75,2.831961,False,False,False,False,0.356,True,True
8497990,2026-08-12,365.69063636363626,25,1.0,1.835236,1.835236,75,0.625489,False,False,False,False,0.175,False,True
8498147,2026-08-15,338.1289473684211,25,1.0,1.039493,1.039493,75,0.777053,False,False,False,False,0.1,False,True
8498147,2026-09-20,676.9300000000004,25,1.0,54.823333,54.823333,75,286.5275,False,False,False,False,0.1,True,True
8498147,2026-09-22,1004.5,25,1.0,41.0425,41.0425,75,327.53,False,False,False,False,0.1,True,True
8620255,2025-10-27,128.032,1,1.0,4.857,4.857,75,0.033,False,False,False,False,0.038,False,True
8620255,2026-02-09,139.21,1,1.0,6.111,6.111,75,0.037,False,False,False,False,0.038,True,True
8620255,2026-05-05,149.346,1,1.0,6.293,6.293,75,0.027,False,False,False,False,0.038,True,True
8685569,2026-09-30,1206.5571250000012,24,1.0,7.017125,7.017125,75,1.437708,False,False,False,False,1.249,True,False
8727125,2026-02-23,421.004,1,1.0,29.568,29.568,75,0.421,False,False,False,False,0.1675,True,True
8727125,2026-04-01,432.57,1,1.0,4.737,4.737,75,3.053,False,False,False,False,0.1675,False,True
8727125,2026-04-02,435.623,1,1.0,3.053,3.053,75,1.393,False,False,False,False,0.1675,False,True
8727125,2026-04-04,450.18,1,1.0,13.164,13.164,75,12.036,False,False,False,False,0.1675,True,True
8727125,2026-04-05,462.216,1,1.0,12.036,12.036,75,12.498,False,False,False,False,0.1675,True,True
8727125,2026-04-06,474.714,1,1.0,12.498,12.498,75,13.051,False,False,False,False,0.1675,True,True
8727125,2026-04-07,487.765,1,1.0,13.051,13.051,75,12.508,False,False,False,False,0.1675,True,True
8727125,2026-04-08,500.273,1,1.0,12.508,12.508,75,0.155,False,False,False,False,0.1675,True,True
8727125,2026-07-11,522.863,26,1.0,1.830905,1.830905,75,1.17,False,False,False,False,0.1675,False,True
8727125,2026-07-13,525.9694347826087,25,1.0,1.936435,1.936435,75,0.51,False,False,False,False,0.1675,False,True
8746396,2026-04-27,475.01,1,1.0,1.24,1.24,75,0.55,False,False,False,False,0.11,False,True
8854548,2026-03-03,70.815,1,1.0,1.041,1.041,75,0.021,False,False,False,False,0.077,False,True
8973572,2025-10-19,722.94,1,1.0,47.24,47.24,75,0.0,False,False,False,False,0.03,True,True
8998672,2025-10-19,281.837,1,1.0,5.698,5.698,75,0.228,False,False,False,False,0.167,True,True
9064799,2026-09-11,302.16999999999996,26,1.0,1.18,1.18,75,0.11,False,False,False,False,0.1,False,True
9081974,2026-04-08,93.862,1,1.0,1.571,1.571,75,0.137,False,False,False,False,0.12,False,True
9081974,2026-05-17,105.339,1,1.0,4.754,4.754,75,2.678,False,False,False,False,0.12,False,True
9081974,2026-05-18,108.017,1,1.0,2.678,2.678,75,3.189,False,False,False,False,0.12,False,True
9081974,2026-05-19,111.206,1,1.0,3.189,3.189,75,0.732,False,False,False,False,0.12,False,True
9081974,2026-08-08,121.92780000000002,25,1.0,2.83182,2.83182,75,0.572564,False,False,False,False,0.12,False,True
9081974,2026-09-11,128.32995999999997,24,1.0,3.60096,3.60096,75,1.60704,False,False,False,False,0.12,False,True
9081974,2026-09-12,129.937,11,1.0,1.60704,1.60704,75,0.476077,False,False,False,False,0.12,False,True
9131722,2026-08-14,15.142,37,1.0,3.607,3.607,75,0.189,False,False,False,False,0.237,False,True
9185625,2025-11-09,107.299,1,1.0,1.935,1.935,75,0.336,False,False,False,False,0.134,False,True
9277360,2025-10-05,6305.336,1,1.0,11.14,11.14,75,9.654,False,False,False,False,8.285,True,False
9277360,2025-10-06,6314.99,1,1.0,9.654,9.654,75,8.284,False,False,False,False,8.285,True,False
9277360,2025-10-07,6323.274,1,1.0,8.284,8.284,75,8.233,False,False,False,False,8.285,True,False
9277360,2025-10-08,6331.5070000000005,1,1.0,8.233,8.233,75,17.553,False,False,False,False,8.285,True,False
9277360,2025-10-11,6359.267,1,1.0,10.207,10.207,75,10.969,False,False,False,False,8.285,True,False
9277360,2025-10-12,6370.236,1,1.0,10.969,10.969,75,33.916,False,False,False,False,8.285,True,False
9277360,2025-10-19,6430.2970000000005,1,1.0,10.027,10.027,75,8.358,False,False,False,False,8.285,True,False
9277360,2025-10-20,6438.655,1,1.0,8.358,8.358,75,7.734,False,False,False,False,8.285,True,False
9277360,2025-10-21,6446.389,1,1.0,7.734,7.734,75,8.872,False,False,False,False,8.285,True,False
9277360,2025-10-22,6455.261,1,1.0,8.872,8.872,75,7.294,False,False,False,False,8.285,True,False
9277360,2025-10-23,6462.555,1,1.0,7.294,7.294,75,8.154,False,False,False,False,8.285,True,False
9277360,2025-10-24,6470.709,1,1.0,8.154,8.154,75,9.321,False,False,False,False,8.285,True,False
9277360,2025-10-25,6480.03,1,1.0,9.321,9.321,75,10.355,False,False,False,False,8.285,True,False
9277360,2025-10-26,6490.385,1,1.0,10.355,10.355,75,18.792,False,False,False,False,8.285,True,False
9277360,2025-11-14,6646.194,1,1.0,7.355,7.355,75,7.192,False,False,False,False,8.285,True,False
9277360,2025-11-15,6653.386,1,1.0,7.192,7.192,75,10.176,False,False,False,False,8.285,True,False
9277360,2025-11-16,6663.562,1,1.0,10.176,10.176,75,9.707,False,False,False,False,8.285,True,False
9277360,2025-11-17,6673.269,1,1.0,9.707,9.707,75,7.52,False,False,False,False,8.285,True,False
9277360,2025-11-18,6680.789,1,1.0,7.52,7.52,75,7.307,False,False,False,False,8.285,True,False
9277360,2025-11-19,6688.0960000000005,1,1.0,7.307,7.307,75,6.039,False,False,False,False,8.285,True,False
9277360,2025-11-20,6694.135,1,1.0,6.039,6.039,75,7.766,False,False,False,False,8.285,True,False
9277360,2025-11-21,6701.901,1,1.0,7.766,7.766,75,7.666,False,False,False,False,8.285,True,False
9277360,2025-11-22,6709.567,1,1.0,7.666,7.666,75,9.23,False,False,False,False,8.285,True,False
9277360,2025-11-23,6718.7970000000005,1,1.0,9.23,9.23,75,7.575,False,False,False,False,8.285,True,False
9277360,2025-11-24,6726.372,1,1.0,7.575,7.575,75,6.566,False,False,False,False,8.285,True,False
9277360,2025-11-25,6732.938,1,1.0,6.566,6.566,75,6.898,False,False,False,False,8.285,True,False
9277360,2025-11-26,6739.836,1,1.0,6.898,6.898,75,6.771,False,False,False,False,8.285,True,False
9277360,2025-11-27,6746.607,1,1.0,6.771,6.771,75,7.732,False,False,False,False,8.285,True,False
9277360,2025-11-28,6754.339,1,1.0,7.732,7.732,75,7.441,False,False,False,False,8.285,True,False
9277360,2025-11-29,6761.78,1,1.0,7.441,7.441,75,8.455,False,False,False,False,8.285,True,False
9277360,2025-11-30,6770.235000000001,1,1.0,8.455,8.455,75,8.776,False,False,False,False,8.285,True,False
9277360,2025-12-01,6779.011,1,1.0,8.776,8.776,75,7.334,False,False,False,False,8.285,True,False
9277360,2025-12-02,6786.345,1,1.0,7.334,7.334,75,7.356,False,False,False,False,8.285,True,False
9277360,2025-12-03,6793.701,1,1.0,7.356,7.356,75,7.439,False,False,False,False,8.285,True,False
9277360,2025-12-04,6801.14,1,1.0,7.439,7.439,75,6.814,False,False,False,False,8.285,True,False
9277360,2025-12-05,6807.954,1,1.0,6.814,6.814,75,7.916,False,False,False,False,8.285,True,False
9277360,2025-12-06,6815.87,1,1.0,7.916,7.916,75,10.547,False,False,False,False,8.285,True,False
9277360,2025-12-07,6826.417,1,1.0,10.547,10.547,75,8.914,False,False,False,False,8.285,True,False
9277360,2025-12-08,6835.331,1,1.0,8.914,8.914,75,6.359,False,False,False,False,8.285,True,False
9277360,2025-12-09,6841.6900000000005,1,1.0,6.359,6.359,75,14.548,False,False,False,False,8.285,True,False
9277360,2025-12-14,6880.14,1,1.0,8.394,8.394,75,17.271,False,False,False,False,8.285,True,False
9277360,2025-12-17,6905.217000000001,1,1.0,7.806,7.806,75,6.888,False,False,False,False,8.285,True,False
9277360,2025-12-18,6912.1050000000005,1,1.0,6.888,6.888,75,7.966,False,False,False,False,8.285,True,False
9277360,2025-12-19,6920.071,1,1.0,7.966,7.966,75,24.268,False,False,False,False,8.285,True,False
9277360,2025-12-26,6974.255,1,1.0,7.666,7.666,75,8.074,False,False,False,False,8.285,True,False
9277360,2025-12-27,6982.329,1,1.0,8.074,8.074,75,9.573,False,False,False,False,8.285,True,False
9277360,2025-12-28,6991.902,1,1.0,9.573,9.573,75,27.576,False,False,False,False,8.285,True,False
9277360,2026-01-09,7092.216,1,1.0,8.316,8.316,75,9.397,False,False,False,False,8.285,True,False
9277360,2026-01-10,7101.613,1,1.0,9.397,9.397,75,10.186,False,False,False,False,8.285,True,False
9277360,2026-01-11,7111.799,1,1.0,10.186,10.186,75,9.497,False,False,False,False,8.285,True,False
9277360,2026-01-12,7121.296,1,1.0,9.497,9.497,75,22.641,False,False,False,False,8.285,True,False
9277360,2026-01-16,7150.711,1,1.0,6.774,6.774,75,28.176,False,False,False,False,8.285,True,False
9277360,2026-01-21,7186.56,1,1.0,7.673,7.673,75,13.638,False,False,False,False,8.285,True,False
9277360,2026-01-24,7208.127,1,1.0,7.929,7.929,75,8.8,False,False,False,False,8.285,True,False
9277360,2026-01-25,7216.927000000001,1,1.0,8.8,8.8,75,15.158,False,False,False,False,8.285,True,False
9277360,2026-01-28,7239.434,1,1.0,7.349,7.349,75,6.806,False,False,False,False,8.285,True,False
9277360,2026-01-29,7246.24,1,1.0,6.806,6.806,75,7.592,False,False,False,False,8.285,True,False
9277360,2026-01-30,7253.832,1,1.0,7.592,7.592,75,8.052,False,False,False,False,8.285,True,False
9277360,2026-01-31,7261.884,1,1.0,8.052,8.052,75,17.768,False,False,False,False,8.285,True,False
9277360,2026-02-06,7311.096,1,1.0,7.829,7.829,75,27.189,False,False,False,False,8.285,True,False
9277360,2026-02-10,7345.279,1,1.0,6.994,6.994,75,13.354,False,False,False,False,8.285,True,False
9277360,2026-02-15,7383.133,1,1.0,9.316,9.316,75,8.691,False,False,False,False,8.285,True,False
9277360,2026-02-16,7391.824,1,1.0,8.691,8.691,75,7.192,False,False,False,False,8.285,True,False
9277360,2026-02-17,7399.016,1,1.0,7.192,7.192,75,44.648,False,False,False,False,8.285,True,False
9277360,2026-02-24,7451.212,1,1.0,7.548,7.548,75,7.464,False,False,False,False,8.285,True,False
9277360,2026-02-25,7458.676,1,1.0,7.464,7.464,75,23.115,False,False,False,False,8.285,True,False
9277360,2026-03-01,7491.601000000001,1,1.0,9.81,9.81,75,8.949,False,False,False,False,8.285,True,False
9277360,2026-03-02,7500.55,1,1.0,8.949,8.949,75,7.562,False,False,False,False,8.285,True,False
9277360,2026-03-03,7508.112,1,1.0,7.562,7.562,75,7.68,False,False,False,False,8.285,True,False
9277360,2026-03-04,7515.792,1,1.0,7.68,7.68,75,7.889,False,False,False,False,8.285,True,False
9277360,2026-03-05,7523.681,1,1.0,7.889,7.889,75,8.144,False,False,False,False,8.285,True,False
9277360,2026-03-06,7531.825,1,1.0,8.144,8.144,75,9.839,False,False,False,False,8.285,True,False
9277360,2026-03-07,7541.664,1,1.0,9.839,9.839,75,8.719,False,False,False,False,8.285,True,False
9277360,2026-03-08,7550.383,1,1.0,8.719,8.719,75,10.992,False,False,False,False,8.285,True,False
9277360,2026-03-09,7561.375,1,1.0,10.992,10.992,75,17.809,False,False,False,False,8.285,True,False
9277360,2026-03-12,7585.889,1,1.0,6.705,6.705,75,8.531,False,False,False,False,8.285,True,False
9277360,2026-03-13,7594.42,1,1.0,8.531,8.531,75,8.505,False,False,False,False,8.285,True,False
9277360,2026-03-14,7602.925,1,1.0,8.505,8.505,75,9.048,False,False,False,False,8.285,True,False
9277360,2026-03-15,7611.973,1,1.0,9.048,9.048,75,8.462,False,False,False,False,8.285,True,False
9277360,2026-03-16,7620.435,1,1.0,8.462,8.462,75,8.094,False,False,False,False,8.285,True,False
9277360,2026-03-17,7628.529,1,1.0,8.094,8.094,75,7.714,False,False,False,False,8.285,True,False
9277360,2026-03-18,7636.243,1,1.0,7.714,7.714,75,8.336,False,False,False,False,8.285,True,False
9277360,2026-03-19,7644.579,1,1.0,8.336,8.336,75,7.403,False,False,False,False,8.285,True,False
9277360,2026-03-20,7651.982,1,1.0,7.403,7.403,75,18.625,False,False,False,False,8.285,True,False
9277360,2026-03-23,7681.524,1,1.0,10.917,10.917,75,20.531,False,False,False,False,8.285,True,False
9277360,2026-03-26,7711.244000000001,1,1.0,9.189,9.189,75,26.487,False,False,False,False,8.285,True,False
9277360,2026-03-30,7746.359,1,1.0,8.628,8.628,75,9.202,False,False,False,False,8.285,True,False
9277360,2026-03-31,7755.561000000001,1,1.0,9.202,9.202,75,21.202,False,False,False,False,8.285,True,False
9277360,2026-04-03,7785.886,1,1.0,9.123,9.123,75,9.242,False,False,False,False,8.285,True,False
9277360,2026-04-04,7795.128000000001,1,1.0,9.242,9.242,75,9.443,False,False,False,False,8.285,True,False
9277360,2026-04-05,7804.571,1,1.0,9.443,9.443,75,10.192,False,False,False,False,8.285,True,False
9277360,2026-04-06,7814.763,1,1.0,10.192,10.192,75,7.524,False,False,False,False,8.285,True,False
9277360,2026-04-07,7822.287,1,1.0,7.524,7.524,75,7.304,False,False,False,False,8.285,True,False
9277360,2026-04-08,7829.591,1,1.0,7.304,7.304,75,8.319,False,False,False,False,8.285,True,False
9277360,2026-04-09,7837.91,1,1.0,8.319,8.319,75,8.887,False,False,False,False,8.285,True,False
9277360,2026-04-10,7846.797,1,1.0,8.887,8.887,75,10.133,False,False,False,False,8.285,True,False
9277360,2026-04-11,7856.93,1,1.0,10.133,10.133,75,9.207,False,False,False,False,8.285,True,False
9277360,2026-04-12,7866.137,1,1.0,9.207,9.207,75,8.23,False,False,False,False,8.285,True,False
9277360,2026-04-13,7874.367,1,1.0,8.23,8.23,75,23.682,False,False,False,False,8.285,True,False
9277360,2026-04-17,7905.198,1,1.0,7.149,7.149,75,8.29,False,False,False,False,8.285,True,False
9277360,2026-04-18,7913.488,1,1.0,8.29,8.29,75,8.745,False,False,False,False,8.285,True,False
9277360,2026-04-19,7922.233,1,1.0,8.745,8.745,75,8.072,False,False,False,False,8.285,True,False
9277360,2026-04-20,7930.305,1,1.0,8.072,8.072,75,39.75,False,False,False,False,8.285,True,False
9277360,2026-04-26,7978.653,1,1.0,8.598,8.598,75,8.723,False,False,False,False,8.285,True,False
9277360,2026-04-27,7987.376,1,1.0,8.723,8.723,75,7.944,False,False,False,False,8.285,True,False
9277360,2026-04-28,7995.320000000001,1,1.0,7.944,7.944,75,8.286,False,False,False,False,8.285,True,False
9277360,2026-04-29,8003.606,1,1.0,8.286,8.286,75,120.374,False,False,False,False,8.285,True,False
9277360,2026-05-18,8164.58,1,1.0,9.479,9.479,75,7.215,False,False,False,False,8.285,True,False
9277360,2026-05-19,8171.795,1,1.0,7.215,7.215,75,236.114,False,False,False,False,8.285,True,False
9277360,2026-06-30,8519.457,1,1.0,8.172,8.172,75,15.572,False,False,False,False,8.285,True,False
9277360,2026-07-03,8552.76745833332,24,1.0,17.738458,17.738458,75,0.385542,False,False,False,False,8.285,True,False
9277360,2026-07-07,8587.85320833332,25,1.0,8.646458,8.646458,75,0.359792,False,False,False,False,8.285,True,False
9277360,2026-07-11,8622.106416666682,25,1.0,9.106458,9.106458,75,10.049167,False,False,False,False,8.285,True,False
9277360,2026-07-12,8632.155583333319,25,1.0,10.049167,10.049167,75,9.304167,False,False,False,False,8.285,True,False
9277360,2026-07-13,8641.45975,25,1.0,9.304167,9.304167,75,0.38625,False,False,False,False,8.285,True,False
9277360,2026-07-17,8678.27775,25,1.0,9.183417,9.183417,75,9.957917,False,False,False,False,8.285,True,False
9277360,2026-07-18,8688.235666666682,25,1.0,9.957917,9.957917,75,0.416333,False,False,False,False,8.285,True,False
9277360,2026-07-22,8725.425625,25,1.0,8.417708,8.417708,75,0.350375,False,False,False,False,8.285,True,False
9277360,2026-07-28,8767.178,27,1.0,7.035667,7.035667,75,6.994,False,False,False,False,8.285,True,False
9277360,2026-07-29,8774.172,25,1.0,6.994,6.994,75,6.934,False,False,False,False,8.285,True,False
9277360,2026-07-30,8781.106,25,1.0,6.934,6.934,75,7.673,False,False,False,False,8.285,True,False
9277360,2026-07-31,8788.779,25,1.0,7.673,7.673,75,9.272,False,False,False,False,8.285,True,False
9277360,2026-08-01,8798.051,25,1.0,9.272,9.272,75,9.062,False,False,False,False,8.285,True,False
9277360,2026-08-02,8807.113,25,1.0,9.062,9.062,75,8.018,False,False,False,False,8.285,True,False
9277360,2026-08-03,8815.131,1,1.0,8.018,8.018,75,8.558,False,False,False,False,8.285,True,False
9277360,2026-08-04,8823.689,25,1.0,8.558,8.558,75,9.416,False,False,False,False,8.285,True,False
9277360,2026-08-05,8833.105,25,1.0,9.416,9.416,75,8.715,False,False,False,False,8.285,True,False
9277360,2026-08-06,8841.82,25,1.0,8.715,8.715,75,10.011,False,False,False,False,8.285,True,False
9277360,2026-08-07,8851.831,25,1.0,10.011,10.011,75,8.468,False,False,False,False,8.285,True,False
9277360,2026-08-08,8860.299,25,1.0,8.468,8.468,75,8.533,False,False,False,False,8.285,True,False
9277360,2026-08-09,8868.832,25,1.0,8.533,8.533,75,15.924,False,False,False,False,8.285,True,False
9277360,2026-08-14,8911.45,25,1.0,8.741,8.741,75,8.514,False,False,False,False,8.285,True,False
9277360,2026-08-15,8919.964,25,1.0,8.514,8.514,75,9.359,False,False,False,False,8.285,True,False
9277360,2026-08-16,8929.323,25,1.0,9.359,9.359,75,7.864,False,False,False,False,8.285,True,False
9277360,2026-08-17,8937.187,1,1.0,7.864,7.864,75,8.368,False,False,False,False,8.285,True,False
9277360,2026-08-18,8945.555,25,1.0,8.368,8.368,75,8.544,False,False,False,False,8.285,True,False
9277360,2026-08-19,8954.099,25,1.0,8.544,8.544,75,15.913,False,False,False,False,8.285,True,False
9277360,2026-08-22,8979.554,25,1.0,9.542,9.542,75,9.028,False,False,False,False,8.285,True,False
9277360,2026-08-23,8988.582,25,1.0,9.028,9.028,75,7.987,False,False,False,False,8.285,True,False
9277360,2026-08-24,8996.569,25,1.0,7.987,7.987,75,8.653,False,False,False,False,8.285,True,False
9277360,2026-08-25,9005.222,25,1.0,8.653,8.653,75,8.277,False,False,False,False,8.285,True,False
9277360,2026-08-26,9013.499,25,1.0,8.277,8.277,75,17.141,False,False,False,False,8.285,True,False
9277360,2026-08-29,9039.276,25,1.0,8.636,8.636,75,9.814,False,False,False,False,8.285,True,False
9277360,2026-08-30,9049.09,25,1.0,9.814,9.814,75,7.668,False,False,False,False,8.285,True,False
9277360,2026-08-31,9056.758,25,1.0,7.668,7.668,75,7.965,False,False,False,False,8.285,True,False
9277360,2026-09-01,9064.723,25,1.0,7.965,7.965,75,8.156,False,False,False,False,8.285,True,False
9277360,2026-09-02,9072.879,25,1.0,8.156,8.156,75,8.168,False,False,False,False,8.285,True,False
9277360,2026-09-03,9081.047,1,1.0,8.168,8.168,75,7.256,False,False,False,False,8.285,True,False
9277360,2026-09-04,9088.303,25,1.0,7.256,7.256,75,8.793,False,False,False,False,8.285,True,False
9277360,2026-09-05,9097.096,25,1.0,8.793,8.793,75,14.527,False,False,False,False,8.285,True,False
9277360,2026-09-08,9118.196,25,1.0,6.573,6.573,75,7.839,False,False,False,False,8.285,True,False
9277360,2026-09-09,9126.035,25,1.0,7.839,7.839,75,6.779,False,False,False,False,8.285,True,False
9277360,2026-09-10,9132.814,25,1.0,6.779,6.779,75,7.067,False,False,False,False,8.285,True,False
9277360,2026-09-11,9139.881,25,1.0,7.067,7.067,75,9.789,False,False,False,False,8.285,True,False
9277360,2026-09-12,9149.67,25,1.0,9.789,9.789,75,24.82,False,False,False,False,8.285,True,False
9277360,2026-09-16,9181.765,25,1.0,7.275,7.275,75,15.129,False,False,False,False,8.285,True,False
9277360,2026-09-21,9222.799,4,1.0,7.612,7.612,75,7.132,False,False,False,False,8.285,True,False
9277360,2026-09-22,9229.931,1,1.0,7.132,7.132,75,15.351,False,False,False,False,8.285,True,False
9277360,2026-09-25,9253.918,25,1.0,8.636,8.636,75,9.401,False,False,False,False,8.285,True,False
9277360,2026-09-26,9263.319,25,1.0,9.401,9.401,75,15.88,False,False,False,False,8.285,True,False
9456566,2026-09-29,422.273,25,1.0,46.864429,46.864429,75,0.007,False,False,False,False,0.06,True,True
9478788,2026-06-19,393.82,1,1.0,2.41,2.41,75,0.16,False,False,False,False,0.24,False,True
9885380,2026-04-12,914.92,1,1.0,8.0,8.0,75,2.22,False,False,False,False,0.855,True,False
9885380,2026-07-05,1000.5100000000004,25,1.0,7.6,7.6,75,7.88,False,False,False,False,0.855,True,False
9885380,2026-07-06,1008.39,25,1.0,7.88,7.88,75,0.55,False,False,False,False,0.855,True,False
