anon_id,data,pokazanie,paketov_za_sutki,gap,diff,rate,lim,next_diff,glitch_up,glitch_down,k327,bad,k327_flag,reset_to_0,near_reset_event
1023776,2026-06-19,796.487,2,1.0,-655.533,-655.533,75,0.0,False,True,True,True,True,False,False
1023776,2026-06-26,796.487,2,2.0,-0.273,-0.1365,75,0.0,False,False,False,True,False,False,False
1023776,2026-07-03,796.5042857142862,26,1.0,-983.187479,-983.187479,75,0.055714,False,True,True,True,True,False,False
1023776,2026-07-10,796.487,2,2.0,-327.883,-163.9415,75,0.073,False,False,True,True,True,False,False
1023776,2026-09-10,796.487,3,60.0,-0.073,-0.0012166666666666667,75,0.397286,False,False,False,True,False,False,False
1063500,2026-08-16,0.032,1,1.0,-0.502,-0.502,75,0.0,False,False,False,True,False,True,False
1120133,2026-09-11,268.312,2,1.0,-0.014,-0.014,75,0.83,False,False,False,True,False,False,False
1120133,2026-09-22,269.147,3,7.0,-0.014,-0.002,75,-0.007,False,False,False,True,False,False,True
1184793,2026-07-25,120.067,1,5.0,-327.703,-65.5406,75,0.0,False,True,True,True,True,False,False
1423304,2026-09-02,486.228,26,1.0,-983.082,-983.082,75,0.122,False,True,True,True,True,False,False
1423304,2026-09-06,486.228,1,1.0,-0.322,-0.322,75,54.788667,False,False,False,True,False,False,False
1423304,2026-09-13,486.25275,26,1.0,-1310.84575,-1310.84575,75,54.71725,False,True,True,True,True,False,False
1423304,2026-09-20,486.25275,26,1.0,-983.12225,-983.12225,75,0.109125,False,True,True,True,True,False,False
1423304,2026-09-27,486.27082352941176,26,1.0,-655.498065,-655.498065,75,72.95251,False,False,True,True,True,False,False
1492831,2026-09-10,612.117,1,1.0,-327.873,-327.873,75,0.228714,False,True,True,True,True,False,False
1492831,2026-09-17,612.1724166666668,27,1.0,-778.335083,-778.335083,75,0.077583,False,True,False,True,False,False,False
1492831,2026-09-24,612.145,26,1.0,-786.527,-786.527,75,0.035,False,True,False,True,False,False,False
1698800,2026-05-28,558.948,2,1.0,-327.842,-327.842,75,0.052,False,True,True,True,True,False,False
1698800,2026-06-04,558.948,3,1.0,-327.882,-327.882,75,0.112,False,False,True,True,True,False,False
1698800,2026-07-15,558.948,3,36.0,-655.422,-18.206166666666668,75,0.151591,False,True,True,True,True,False,False
1835380,2026-04-13,133.17,1,4.0,-0.02,-0.005,75,0.02,False,False,False,True,False,False,False
1835380,2026-05-11,133.17,1,15.0,-327.68,-21.845333333333333,75,0.001,False,True,True,True,True,False,False
2030325,2026-07-15,324.9737500000001,27,1.0,-327.70925,-327.70925,75,0.063393,False,True,True,True,True,False,False
2030325,2026-07-22,324.98874999999987,26,1.0,-983.08125,-983.08125,75,327.69125,False,False,True,True,True,False,False
2030325,2026-07-29,325.03375,26,1.0,-655.328558,-655.328558,75,0.045481,False,False,True,True,True,False,False
2030325,2026-08-05,325.01700000000017,26,1.0,-655.308,-655.308,75,266.254875,False,False,True,True,True,False,False
2030325,2026-08-12,324.94444444444434,26,1.0,-1310.741919,-1310.741919,75,0.116325,False,True,True,True,True,False,False
2030325,2026-08-17,608.9186666666667,26,1.0,-655.396,-655.396,75,43.762048,False,True,True,True,True,False,False
2030325,2026-08-19,324.9969230769229,26,1.0,-327.683791,-327.683791,75,0.068462,False,True,True,True,True,False,False
2030325,2026-08-26,324.99318181818177,26,1.0,-655.401434,-655.401434,75,0.094318,False,True,True,True,True,False,False
2030325,2026-09-02,325.0219230769232,26,1.0,-655.333462,-655.333462,75,0.008077,False,True,True,True,True,False,False
2030325,2026-09-09,324.9942307692309,26,1.0,-983.044103,-983.044103,75,0.014936,False,False,True,True,True,False,False
2030325,2026-09-16,325.03999999999974,27,1.0,-982.95,-982.95,75,302.409231,False,True,True,True,True,False,False
2030325,2026-09-23,324.965,26,1.0,-1310.765,-1310.765,75,0.060714,False,False,True,True,True,False,False
2030325,2026-09-30,324.97576923076906,26,1.0,-983.073322,-983.073322,75,0.004231,False,False,True,True,True,False,False
2159987,2025-10-19,315.12,2,1.0,-2949.06,-2949.06,75,0.29,False,True,True,True,True,False,False
2161582,2026-09-14,52.534,2,2.0,-0.057,-0.0285,75,0.0,False,False,False,True,False,False,True
2351232,2026-04-09,405.309,2,1.0,-327.851,-327.851,75,0.171,False,True,True,True,True,False,False
2351232,2026-04-12,405.309,2,1.0,-327.771,-327.771,75,0.051,False,True,True,True,True,False,False
2351232,2026-04-19,405.309,2,1.0,-983.121,-983.121,75,0.221,False,True,True,True,True,False,False
2351232,2026-04-26,405.309,2,1.0,-983.271,-983.271,75,0.171,False,False,True,True,True,False,False
2351232,2026-05-03,405.309,1,2.0,-327.931,-163.9655,75,0.0,False,False,True,True,True,False,False
2409777,2026-04-14,0.027,2,59.0,-111.693,-1.8931016949152542,75,327.783,False,False,False,True,False,True,False
2409777,2026-04-28,33.314,1,1.0,-294.876,-294.876,75,-32.674,False,False,False,True,False,False,False
2409777,2026-05-01,0.64,1,3.0,-32.674,-10.891333333333334,75,0.02,False,False,False,True,False,True,False
2491162,2026-07-10,380.81428571428586,25,1.0,-3006486.903014,-3006486.903014,75,0.068791,False,True,False,True,False,False,False
2491162,2026-07-16,380.779,1,1.0,-327.731,-327.731,75,0.0,False,False,True,True,True,False,False
2519659,2026-01-02,72.726,2,1.0,-327.744,-327.744,75,0.024,False,False,True,True,True,False,False
2519659,2026-01-07,72.726,2,2.0,-327.724,-163.862,75,0.064,False,False,True,True,True,False,False
2519659,2026-01-09,72.726,2,1.0,-0.064,-0.064,75,0.024,False,False,False,True,False,False,False
2519659,2026-01-16,72.726,2,1.0,-655.404,-655.404,75,0.014,False,False,True,True,True,False,False
2519659,2026-01-30,72.726,1,10.0,-327.714,-32.7714,75,0.0,False,True,True,True,True,False,False
2519659,2026-06-09,72.726,1,4.0,-4273492.461,-1068373.11525,75,4273492.461,False,True,False,True,False,False,False
2519659,2026-09-25,72.726,1,106.0,-4273492.461,-40315.96661320755,75,0.0512,False,True,False,True,False,False,False
2569627,2026-01-19,143.683,1,1.0,-327.637,-327.637,75,0.087,False,False,True,True,True,False,False
2647530,2026-06-22,34.415,2,1.0,-294.825,-294.825,75,-32.445,False,False,False,True,False,False,False
2647530,2026-06-23,1.97,1,1.0,-32.445,-32.445,75,0.16,False,False,False,True,False,False,False
2665800,2025-11-10,3127.47,2,1.0,-326.49,-326.49,75,2.63,False,True,False,True,False,False,False
2709217,2026-09-13,0.032,21,1.0,-0.502,-0.502,75,0.0,False,False,False,True,False,True,False
2735490,2026-08-07,41.001,1,1.0,-0.014,-0.014,75,0.0,False,False,False,True,False,False,False
2859628,2026-09-16,419.933,26,1.0,-294.907,-294.907,75,327.677,False,True,False,True,False,False,False
2859628,2026-09-23,419.9,28,1.0,-983.015833,-983.015833,75,0.05,False,False,True,True,True,False,False
2859628,2026-09-29,419.814,2,3.0,-655.416,-218.472,75,0.066,False,True,True,True,True,False,False
2983464,2025-10-18,16.95,1,1.0,-152.05,-152.05,75,0.053,False,True,False,True,False,False,False
3228151,2026-07-05,0.032,15,1.0,-0.502,-0.502,75,0.0,False,False,False,True,False,True,False
3228151,2026-08-09,0.032,16,1.0,-0.502,-0.502,75,0.0,False,False,False,True,False,True,False
3228151,2026-08-28,0.032,20,1.0,-0.502,-0.502,75,0.0,False,False,False,True,False,True,False
3240435,2026-08-26,370.40978571428576,26,1.0,-327.441979,-327.441979,75,0.148786,False,False,True,True,True,False,False
3281821,2026-06-29,416.878,1,1.0,-0.202,-0.202,75,0.092,False,False,False,True,False,False,False
3281821,2026-07-06,416.878,10,1.0,-983.260333,-983.260333,75,0.068364,False,True,True,True,True,False,False
3281821,2026-09-22,416.878,4,73.0,-327.752,-4.489753424657534,75,0.122,False,True,True,True,True,False,False
3332300,2026-08-31,411.0795,26,1.0,-655.219833,-655.219833,75,0.2625,False,False,True,True,True,False,False
3418502,2026-08-28,58.624,1,1.0,-327.636,-327.636,75,0.0,False,False,True,True,True,False,False
3724951,2026-02-27,131.164,2,1.0,-0.046,-0.046,75,0.256,False,False,False,True,False,False,False
3831135,2025-12-06,191.81,1,1.0,-0.012,-0.012,75,0.12,False,False,False,True,False,False,False
3832684,2026-02-08,83.321,2,1.0,-655.389,-655.389,75,0.019,False,False,True,True,True,False,False
3832684,2026-02-15,83.321,2,1.0,-655.379,-655.379,75,0.049,False,False,True,True,True,False,False
3832684,2026-02-22,83.321,2,1.0,-655.399,-655.399,75,0.049,False,True,True,True,True,False,False
3832684,2026-02-28,83.321,2,1.0,-327.719,-327.719,75,0.0,False,False,True,True,True,False,False
3832684,2026-03-15,83.321,2,1.0,-655.359,-655.359,75,0.0,False,False,True,True,True,False,False
3832684,2026-03-22,83.321,2,4.0,-0.049,-0.01225,75,0.0,False,False,False,True,False,False,False
4226606,2026-03-16,54.838,2,1.0,-327.742,-327.742,75,0.012,False,False,True,True,True,False,False
4226606,2026-03-23,54.838,2,1.0,-655.372,-655.372,75,0.0,False,True,True,True,True,False,False
4525963,2026-02-19,270.641,1,114.0,-0.038,-0.0003333333333333333,75,0.306,False,False,False,True,False,False,False
4720145,2026-06-13,150.42,1,1.0,-0.068,-0.068,75,0.22,False,False,False,True,False,False,False
4964924,2026-09-16,298.807,16,1.0,-218.462,-218.462,75,0.484429,False,True,False,True,False,False,False
4964924,2026-09-23,298.807,26,1.0,-983.185727,-983.185727,75,0.0,False,True,True,True,True,False,False
4964924,2026-09-30,298.807,16,1.0,-655.458385,-655.458385,75,,False,True,True,True,True,False,False
5115252,2025-10-02,253.971,2,1.0,-622.789,-622.789,75,-32.681,False,False,False,True,False,False,False
5115252,2025-10-03,221.29,1,1.0,-32.681,-32.681,75,327.59,False,False,False,True,False,False,False
5115252,2025-10-09,221.203,2,1.0,-983.057,-983.057,75,0.037,False,True,True,True,True,False,False
5115252,2025-10-12,221.203,2,1.0,-327.687,-327.687,75,327.797,False,True,True,True,True,False,False
5115252,2025-10-16,221.203,1,2.0,-655.427,-327.7135,75,0.0,False,True,True,True,True,False,False
5310066,2026-02-06,0.032,1,2.0,-0.502,-0.251,75,0.0,False,False,False,True,False,True,False
5310066,2026-03-21,0.032,1,7.0,-0.502,-0.07171428571428572,75,0.0,False,False,False,True,False,True,False
5317621,2026-04-27,115.959,2,1.0,-294.921,-294.921,75,-32.749,False,False,False,True,False,False,False
5317621,2026-04-28,83.21,1,1.0,-32.749,-32.749,75,327.67,False,False,False,True,False,False,False
5317621,2026-04-30,83.191,2,1.0,-327.689,-327.689,75,327.679,False,True,True,True,True,False,False
5317621,2026-05-19,83.191,2,18.0,-327.679,-18.204388888888886,75,0.009,False,True,True,True,True,False,False
5359103,2026-05-08,369.634,2,1.0,-655.336,-655.336,75,0.0,False,False,True,True,True,False,False
5359103,2026-06-17,373.903,2,2.0,-655.347,-327.6735,75,0.217,False,False,True,True,True,False,False
5359103,2026-07-03,374.625,1,1.0,-327.825,-327.825,75,125.037857,False,False,True,True,True,False,False
5359103,2026-07-10,374.7078947368421,26,1.0,-655.390677,-655.390677,75,0.142105,False,False,True,True,True,False,False
5614222,2026-09-21,450.037,1,78.0,-328.033,-4.205551282051283,75,328.893,False,False,True,True,True,False,False
5614222,2026-09-28,452.319,15,1.0,-327.571313,-327.571313,75,0.281,False,False,True,True,True,False,False
5704914,2026-02-14,335.267,2,1.0,-655.453,-655.453,75,0.253,False,True,True,True,True,False,False
5704914,2026-02-21,335.267,2,1.0,-983.123,-983.123,75,0.083,False,True,True,True,True,False,False
5704914,2026-03-01,335.267,2,1.0,-1310.783,-1310.783,75,0.313,False,True,True,True,True,False,False
5704914,2026-04-03,335.267,1,28.0,-327.933,-11.711892857142857,75,327.953,False,False,True,True,True,False,False
5704914,2026-04-10,336.369,2,1.0,-327.541,-327.541,75,0.141,False,False,True,True,True,False,False
5817786,2026-04-30,66.458,2,1.0,-327.732,-327.732,75,0.042,False,True,True,True,True,False,False
5817786,2026-05-07,66.458,1,2.0,-327.842,-163.921,75,0.102,False,False,True,True,True,False,False
5817786,2026-05-14,66.458,1,5.0,-0.102,-0.020399999999999998,75,0.0,False,False,False,True,False,False,False
5905051,2025-11-27,225.928,2,1.0,-1310.752,-1310.752,75,0.152,False,True,True,True,True,False,False
5905051,2025-12-02,225.928,2,1.0,-655.452,-655.452,75,0.112,False,True,True,True,True,False,False
5905051,2025-12-07,226.06,1,3.0,-327.62,-109.20666666666666,75,-0.132,False,True,True,True,True,False,False
5905051,2026-08-28,225.928,3,264.0,-0.132,-0.0005,75,327.752909,False,False,False,True,False,False,False
5905051,2026-09-04,226.34552941176472,26,1.0,-327.634471,-327.634471,75,0.085721,False,False,True,True,True,False,False
5927111,2026-07-01,6182.918,2,1.0,-323.042,-323.042,120,14.777946,False,False,False,True,False,False,False
6025274,2026-01-22,1927.634,2,1.0,-983.396,-983.396,75,0.0,False,True,True,True,True,False,False
6025274,2026-02-14,1928.204,1,1.0,-0.113,-0.113,75,0.092,False,False,False,True,False,False,False
6025274,2026-02-23,1928.497,1,1.0,-0.112,-0.112,75,-0.863,False,False,False,True,False,False,False
6025274,2026-02-27,1927.634,1,4.0,-0.863,-0.21575,75,0.756,False,False,False,True,False,False,False
6177761,2026-09-29,73.233,1,2.0,-0.011,-0.0055,75,0.022,False,False,False,True,False,False,True
6244261,2026-08-14,0.032,23,1.0,-0.502,-0.502,75,0.0,False,False,False,True,False,True,False
6251706,2026-05-16,228.335,2,3.0,-327.895,-109.29833333333333,75,0.055,False,False,True,True,True,False,False
6251706,2026-09-07,229.03,2,2.0,-327.41,-163.705,75,0.466364,False,False,True,True,True,False,False
6259524,2026-05-29,0.032,1,3.0,-0.502,-0.16733333333333333,75,0.0,False,False,False,True,False,True,False
6316651,2026-01-25,75.658,2,1.0,-327.672,-327.672,75,0.012,False,False,True,True,True,False,False
6321189,2026-04-28,204.262,1,2.0,-0.078,-0.039,75,0.146,False,False,False,True,False,False,False
6372413,2026-09-23,86.8523076923077,5,1.0,-327.355692,-327.355692,75,0.163147,False,False,True,True,True,False,False
6778798,2025-10-08,249.11,2,1.0,-983.09,-983.09,75,0.11,False,False,True,True,True,False,False
6778798,2025-10-15,249.11,2,1.0,-983.18,-983.18,75,0.03,False,False,True,True,True,False,False
6778798,2025-10-18,249.11,2,1.0,-0.04,-0.04,75,327.68,False,False,False,True,False,False,False
6778798,2025-10-22,249.11,1,1.0,-655.39,-655.39,75,0.01,False,True,True,True,True,False,False
6949939,2026-04-05,391.246,2,1.0,-655.504,-655.504,75,0.174,False,False,True,True,True,False,False
6949939,2026-04-12,391.246,2,1.0,-655.514,-655.514,75,0.194,False,False,True,True,True,False,False
6949939,2026-04-19,391.246,2,1.0,-983.134,-983.134,75,0.0,False,False,True,True,True,False,False
6949939,2026-04-26,391.246,2,1.0,-655.504,-655.504,75,0.154,False,False,True,True,True,False,False
6949939,2026-05-03,391.246,2,1.0,-983.254,-983.254,75,0.0,False,False,True,True,True,False,False
6958101,2025-10-17,42.4,1,1.0,-289.36,-289.36,75,-37.9,False,False,False,True,False,False,False
6958101,2025-10-18,4.5,1,1.0,-37.9,-37.9,75,0.24,False,False,False,True,False,False,False
7233648,2026-02-19,114.617,1,2.0,-327.643,-163.8215,75,0.033,False,False,True,True,True,False,False
7293232,2026-03-13,697.1,2,1.0,-0.12,-0.12,75,0.15,False,False,False,True,False,False,False
7293232,2026-03-20,697.101,1,1.0,-983.079,-983.079,75,0.169,False,True,True,True,True,False,False
7293232,2026-03-27,729.868,1,1.0,-950.442,-950.442,75,-32.678,False,False,False,True,False,False,False
7293232,2026-03-28,697.19,1,1.0,-32.678,-32.678,75,0.05,False,False,False,True,False,False,False
7293232,2026-04-03,697.1,2,1.0,-983.14,-983.14,75,0.17,False,True,True,True,True,False,False
7293232,2026-04-10,697.1,2,1.0,-983.14,-983.14,75,0.13,False,True,True,True,True,False,False
7293232,2026-04-17,697.1,2,1.0,-1310.8,-1310.8,75,0.0,False,True,True,True,True,False,False
7293232,2026-04-24,697.1,1,2.0,-0.04,-0.02,75,0.0,False,False,False,True,False,False,False
7508199,2026-04-15,392.378,2,46.0,-327.932,-7.128956521739131,75,327.802,False,True,True,True,True,False,False
7508199,2026-04-22,393.763,2,1.0,-327.507,-327.507,75,0.127,False,False,True,True,True,False,False
7726046,2025-10-18,3.838,2,1.0,-34.362,-34.362,75,0.002,False,True,False,True,False,False,False
7826125,2025-10-06,0.514,2,1.0,-655.116,-655.116,75,0.266,False,True,True,True,True,True,False
7826125,2025-10-13,33.05,2,1.0,-294.7,-294.7,75,-32.68,False,True,False,True,False,False,False
7826125,2025-10-14,0.37,1,1.0,-32.68,-32.68,75,0.19,False,False,False,True,False,True,False
7826125,2025-10-26,0.027,2,1.0,-32.768,-32.768,75,0.0,False,False,False,True,False,True,False
7826125,2026-02-07,0.027,3,2.0,-5.649,-2.8245,75,327.673,False,False,False,True,False,True,False
7826125,2026-02-14,32.795,2,1.0,-294.905,-294.905,75,0.0,False,False,False,True,False,False,False
7826125,2026-02-21,0.027,2,1.0,-32.768,-32.768,75,0.0,False,False,False,True,False,True,False
7830876,2026-02-07,123.686,1,2.0,-0.122,-0.061,75,0.711,False,False,False,True,False,False,False
7891133,2025-10-19,236.581,2,1.0,-2293.389,-2293.389,75,0.259,False,True,True,True,True,False,False
7891133,2026-08-23,293.467,15,1.0,-327.838,-327.838,75,0.103,False,False,True,True,True,False,False
7891133,2026-08-30,293.467,1,2.0,-0.103,-0.0515,75,0.132,False,False,False,True,False,False,False
7891133,2026-09-20,293.467,1,17.0,-0.153,-0.009,75,0.033,False,False,False,True,False,False,False
7931977,2025-10-24,143.86,2,2.0,-0.02,-0.01,75,0.01,False,False,False,True,False,False,False
7931977,2025-10-31,143.885,1,3.0,-0.015,-0.005,75,0.015,False,False,False,True,False,False,False
7931977,2025-11-07,143.885,1,3.0,-327.705,-109.235,75,0.015,False,False,True,True,True,False,False
7931977,2025-11-14,143.885,1,6.0,-0.015,-0.0025,75,0.0,False,False,False,True,False,False,False
7931977,2025-12-11,143.904,1,1.0,-0.015,-0.015,75,0.012,False,False,False,True,False,False,False
7931977,2025-12-13,143.894,1,1.0,-0.022,-0.022,75,0.019,False,False,False,True,False,False,False
7931977,2025-12-18,143.887,1,1.0,-0.027,-0.027,75,0.026,False,False,False,True,False,False,False
7931977,2025-12-20,143.887,1,1.0,-0.026,-0.026,75,0.033,False,False,False,True,False,False,False
7931977,2025-12-23,143.891,1,1.0,-0.019,-0.019,75,-0.006,False,False,False,True,False,False,False
8148916,2025-10-18,14.35,1,1.0,-128.75,-128.75,75,0.03,False,True,False,True,False,False,False
8190741,2025-12-26,615.774,1,2.0,-655.976,-327.988,75,0.346,False,False,True,True,True,False,False
8190741,2026-01-02,615.774,2,1.0,-655.546,-655.546,75,0.216,False,False,True,True,True,False,False
8190741,2026-01-09,615.774,2,1.0,-655.586,-655.586,75,0.526,False,True,True,True,True,False,False
8190741,2026-01-11,615.774,2,1.0,-0.526,-0.526,75,327.966,False,False,False,True,False,False,False
8190741,2026-01-16,615.774,2,1.0,-655.906,-655.906,75,0.276,False,False,True,True,True,False,False
8190741,2026-01-23,615.774,2,1.0,-983.506,-983.506,75,0.396,False,True,True,True,True,False,False
8190741,2026-01-31,616.21,1,1.0,-982.95,-982.95,75,327.57,False,True,True,True,True,False,False
8190741,2026-02-06,615.774,2,1.0,-1311.426,-1311.426,75,0.626,False,True,True,True,True,False,False
8190741,2026-02-26,616.834,2,16.0,-327.846,-20.490375,75,327.996,False,True,True,True,True,False,False
8190741,2026-03-06,619.36,1,1.0,-327.34,-327.34,75,0.32,False,False,True,True,True,False,False
8222297,2025-12-05,474.253,2,1.0,-655.527,-655.527,75,0.117,False,False,True,True,True,False,False
8222297,2026-02-21,481.144,2,1.0,-327.396,-327.396,75,0.106,False,False,True,True,True,False,False
8236638,2026-08-28,50.11723728813559,7,2.0,-0.106763,-0.0533815,75,0.265997,False,False,False,True,False,False,False
8305637,2026-08-07,70.5564,27,1.0,-327.667446,-327.667446,75,0.01235,False,False,True,True,True,False,False
8439264,2026-09-27,0.032,21,1.0,-0.502,-0.502,75,0.0,False,False,False,True,False,True,False
8498147,2026-09-18,349.0642222222222,26,1.0,-327.655778,-327.655778,75,273.042444,False,True,True,True,True,False,False
8498147,2026-09-25,349.20952941176455,26,1.0,-982.890471,-982.890471,75,0.192576,False,False,True,True,True,False,False
8538619,2026-02-07,0.063,4,1.0,-0.017,-0.017,75,0.039,False,False,False,True,False,True,False
8588204,2026-09-18,0.032,19,1.0,-0.502,-0.502,75,0.0,False,False,False,True,False,True,False
8756951,2026-07-10,1.178,1,2.0,-0.098,-0.049,75,0.001,False,False,False,True,False,False,False
8833701,2026-06-06,271.633,1,2.0,-0.099,-0.0495,75,0.09,False,False,False,True,False,False,False
8907410,2025-10-07,329.553,2,1.0,-327.487,-327.487,75,0.267,False,False,True,True,True,False,False
8908023,2026-08-31,0.0,4,20.0,-91.04,-4.5520000000000005,75,327.804286,False,False,False,True,False,True,False
8908023,2026-09-08,1.049375,25,1.0,-2684366.742125,-2684366.742125,75,0.087684,False,True,False,True,False,False,False
8953379,2026-09-16,570.015,26,1.0,-327.675,-327.675,75,0.0,False,False,True,True,True,False,False
8953379,2026-09-23,570.015,26,1.0,-655.355,-655.355,75,0.0,False,False,True,True,True,False,False
8953379,2026-09-30,570.015,20,1.0,-327.675,-327.675,75,,False,False,True,True,True,False,False
8973572,2025-10-21,67.681,2,1.0,-655.259,-655.259,75,0.0,False,False,True,True,True,False,False
9317608,2026-06-28,578.211,2,137.0,-656.009,-4.788386861313869,75,328.139,False,False,True,True,True,False,False
9317608,2026-07-05,581.6492727272724,26,1.0,-327.382619,-327.382619,75,0.495927,False,False,True,True,True,False,False
9435441,2026-05-08,94.343,2,1.0,-655.357,-655.357,75,0.0,False,True,True,True,True,False,False
9435441,2026-05-22,94.343,2,1.0,-655.427,-655.427,75,0.0,False,False,True,True,True,False,False
9456566,2026-09-19,94.5946666666667,26,1.0,-936.166762,-936.166762,75,327.665333,False,True,False,True,False,False,False
9456566,2026-09-26,94.55266666666668,26,1.0,-655.392333,-655.392333,75,0.039833,False,False,True,True,True,False,False
9487974,2026-01-07,569.089,2,1.0,-327.941,-327.941,75,327.871,False,True,True,True,True,False,False
9487974,2026-01-09,569.209,2,1.0,-327.751,-327.751,75,0.141,False,True,True,True,True,False,False
9487974,2026-01-16,569.25,2,1.0,-983.17,-983.17,75,0.03,False,True,True,True,True,False,False
9487974,2026-01-23,569.25,2,1.0,-655.56,-655.56,75,0.27,False,True,True,True,True,False,False
9487974,2026-01-30,569.25,2,1.0,-655.54,-655.54,75,0.05,False,True,True,True,True,False,False
9487974,2026-02-06,569.25,3,1.0,-655.53,-655.53,75,0.41,False,True,True,True,True,False,False
9487974,2026-02-13,569.25,2,1.0,-983.22,-983.22,75,0.57,False,True,True,True,True,False,False
9487974,2026-02-20,569.25,1,5.0,-327.81,-65.562,75,0.37,False,True,True,True,True,False,False
9875716,2026-02-11,904.851,2,1.0,-0.619,-0.619,75,0.479,False,False,False,True,False,False,False
9875716,2026-02-18,904.851,2,1.0,-983.339,-983.339,75,0.339,False,True,True,True,True,False,False
9875716,2026-02-25,904.851,1,3.0,-328.559,-109.51966666666668,75,0.099,False,False,True,True,True,False,False
